rollout/ep_rew_mean,time/fps,time/time_elapsed,time/episodes,time/total_timesteps,rollout/exploration_rate,rollout/ep_len_mean,train/learning_rate,train/n_updates,train/loss,eval/mean_reward,eval/mean_ep_length
11.7760055,0,86,4,64,0.9959466666666675,16.0,,,,,
9.354381625,0,137,8,101,0.9936033333333336,12.625,,,,,
9.259661083333334,0,199,12,147,0.9906900000000002,12.25,,,,,
11.148359125,0,325,16,240,0.9847999999999996,15.0,,,,,
10.583120599999999,0,388,20,286,0.9818866666666661,14.3,,,,,
11.044429833333334,0,491,24,362,0.9770733333333329,15.083333333333334,,,,,
10.345589214285713,0,537,28,396,0.9749200000000002,14.142857142857142,,,,,
10.2324910625,0,606,32,447,0.9716900000000002,13.96875,,,,,
10.33238325,0,685,36,505,0.968016666666666,14.027777777777779,,,,,
10.4199825,0,768,40,566,0.9641533333333326,14.15,,,,,
10.44110509090909,0,850,44,627,0.9602899999999993,14.25,,,,,
10.211265208333334,0,906,48,668,0.9576933333333325,13.916666666666666,,,,,
9.808048846153847,0,942,52,694,0.9560466666666677,13.346153846153847,,,,,
9.843297375,0,1019,56,751,0.9524366666666673,13.410714285714286,,,,,
10.109648349999999,0,1120,60,825,0.9477499999999994,13.75,,,,,
9.933578749999999,0,1176,64,866,0.9451533333333326,13.53125,,,,,
9.650386029411763,0,1212,68,892,0.9435066666666657,13.117647058823529,,,,,
9.394386666666668,0,1250,72,920,0.9417333333333334,12.777777777777779,,,,,
9.433429263157894,0,1323,76,974,0.9383133333333342,12.81578947368421,,,,,
9.639334349999999,0,1413,80,1043,0.933943333333333,13.0375,0.0005,42,0.05166598781943321,,
9.799508,0,1495,84,1108,0.9298266666666668,13.19047619047619,0.0005,107,0.17021544277668,,
10.001677829545455,0,1589,88,1182,0.925139999999999,13.431818181818182,0.0005,181,0.021543143317103386,,
10.05399693478261,0,1659,92,1237,0.921656666666666,13.445652173913043,0.0005,236,0.09590813517570496,,
10.05479165625,0,1723,96,1288,0.918426666666666,13.416666666666666,0.0005,287,0.029436202719807625,,
10.0607161,0,1789,100,1340,0.9151333333333342,13.4,0.0005,339,0.11684578657150269,,
9.974141600000001,0,1857,104,1394,0.9117133333333329,13.3,0.0005,393,0.04024052619934082,,
10.275692190000003,0,1956,108,1472,0.9067733333333343,13.71,0.0005,471,0.09881634265184402,,
10.24491075,0,2012,112,1516,0.9039866666666663,13.69,0.0005,515,0.3471175730228424,,
10.20426402,0,2112,116,1595,0.8989833333333339,13.55,0.0005,594,0.3728855848312378,,
10.482061060000001,0,2206,120,1670,0.8942333333333323,13.84,0.0005,669,0.272867351770401,,
10.556431720000003,0,2306,124,1749,0.88923,13.87,0.0005,748,0.3551689386367798,,
10.678182490000005,0,2363,128,1794,0.8863800000000003,13.98,0.0005,793,0.2492738664150238,,
10.82797955,0,2449,132,1862,0.8820733333333328,14.15,0.0005,861,0.4250766932964325,,
10.59819186,0,2488,136,1893,0.8801099999999993,13.88,0.0005,892,0.27942875027656555,,
10.3716956,0,2527,140,1924,0.8781466666666657,13.58,0.0005,923,0.16941280663013458,,
10.178107339999999,0,2568,144,1956,0.8761200000000006,13.29,0.0005,955,0.3725177049636841,,
10.06179059,0,2601,148,1982,0.8744733333333337,13.14,0.0005,981,0.09150489419698715,,
10.175838650000001,0,2652,152,2022,0.8719400000000006,13.28,0.0005,1021,0.2395029067993164,,
9.95729512,0,2684,156,2047,0.8703566666666674,12.96,0.0005,1046,0.3901975154876709,,
9.76158451,0,2741,160,2092,0.8675066666666656,12.67,0.0005,1091,0.3133930265903473,,
9.765923279999999,0,2788,164,2129,0.8651633333333338,12.63,0.0005,1128,0.27939924597740173,,
9.912981979999998,0,2847,168,2176,0.8621866666666667,12.84,0.0005,1175,0.5331169962882996,,
10.00206558,0,2893,172,2212,0.8599066666666665,12.92,0.0005,1211,0.7099369168281555,,
10.250296939999998,0,3000,176,2297,0.8545233333333337,13.23,0.0005,1296,0.3464062511920929,,
10.08974547,0,3065,180,2348,0.8512933333333337,13.05,0.0005,1347,0.32587820291519165,,
9.90539576,0,3119,184,2391,0.8485699999999994,12.83,0.0005,1390,0.4272056818008423,,
9.949604299999999,0,3218,188,2469,0.8436300000000008,12.87,0.0005,1468,0.1740230768918991,,
10.038488110000001,0,3311,192,2543,0.8389433333333329,13.06,0.0005,1542,0.30261051654815674,,
9.93962595,0,3362,196,2583,0.8364099999999999,12.95,0.0005,1582,0.20131130516529083,,
9.75021703,0,3396,200,2610,0.8346999999999992,12.7,0.0005,1609,0.5725848078727722,,
9.583431800000001,0,3431,204,2638,0.8329266666666669,12.44,0.0005,1637,0.30115267634391785,,
9.4407914,0,3496,208,2689,0.8296966666666669,12.17,0.0005,1688,0.37888243794441223,,
9.45588201,0,3556,212,2736,0.8267199999999997,12.2,0.0005,1735,0.4692692458629608,,
9.05234538,0,3593,216,2765,0.8248833333333336,11.7,0.0005,1764,0.5353113412857056,,
8.69878759,0,3633,220,2797,0.8228566666666663,11.27,0.0005,1796,0.6255792379379272,,
8.33787762,0,3675,224,2830,0.8207666666666674,10.81,0.0005,1829,0.5160098671913147,,
8.179214289999999,0,3716,228,2862,0.8187400000000001,10.68,0.0005,1861,0.47902143001556396,,
7.813662829999999,0,3744,232,2884,0.8173466666666661,10.22,0.0005,1883,0.4989829957485199,,
7.95769458,0,3802,236,2930,0.8144333333333327,10.37,0.0005,1929,0.7903853058815002,,
8.18504389,0,3876,240,2988,0.8107600000000006,10.64,0.0005,1987,0.12051587551832199,,
8.35194976,0,3944,244,3042,0.8073399999999993,10.86,0.0005,2041,0.3209097683429718,,
8.539634269999999,0,4010,248,3094,0.8040466666666676,11.12,0.0005,2093,0.6103134155273438,,
8.495967889999998,0,4057,252,3131,0.8017033333333337,11.09,0.0005,2130,0.6100075244903564,,
8.52319942,0,4095,256,3161,0.7998033333333339,11.14,0.0005,2160,0.8189955949783325,,
8.52275507,0,4158,260,3211,0.7966366666666675,11.19,0.0005,2210,0.4226377308368683,,
8.87523642,0,4263,264,3294,0.7913800000000002,11.65,0.0005,2293,0.42029857635498047,,
8.932392300000002,0,4329,268,3346,0.7880866666666664,11.7,0.0005,2345,0.32011666893959045,,
9.140219680000001,0,4406,272,3407,0.784223333333333,11.95,0.0005,2406,0.5410060882568359,,
9.06176119,0,4505,276,3485,0.7792833333333323,11.88,0.0005,2484,0.2020840346813202,,
8.944947599999999,0,4554,280,3523,0.7768766666666668,11.75,0.0005,2522,0.43153128027915955,,
9.04188814,0,4625,284,3579,0.7733300000000001,11.88,0.0005,2578,0.12103650718927383,,
8.77216978,0,4678,288,3621,0.7706699999999995,11.52,0.0005,2620,0.426740437746048,,
8.544264510000001,0,4728,292,3660,0.7682000000000002,11.17,0.0005,2659,0.4252035617828369,,
8.894230699999998,0,4843,296,3751,0.7624366666666671,11.68,0.0005,2750,0.02652735449373722,,
9.05498541,0,4907,300,3801,0.7592700000000008,11.91,0.0005,2800,0.9144511222839355,,
9.23652815,0,4971,304,3851,0.7561033333333324,12.13,0.0005,2850,0.4578632116317749,,
9.145172379999998,0,5026,308,3895,0.7533166666666664,12.06,0.0005,2894,0.8400898575782776,,
9.2920236,0,5101,312,3954,0.7495800000000006,12.18,0.0005,2953,0.7400368452072144,,
9.49016621,0,5174,316,4011,0.7459700000000002,12.46,0.0005,3010,0.6575132012367249,,
9.7783815,0,5265,320,4083,0.7414099999999998,12.86,0.0005,3082,0.5347630381584167,,
9.777751349999999,0,5305,324,4114,0.7394466666666663,12.84,0.0005,3113,0.4474847912788391,,
10.028002769999999,0,5380,328,4173,0.7357100000000005,13.11,0.0005,3172,0.5476979613304138,,
10.365569390000001,0,5465,332,4240,0.7314666666666667,13.56,0.0005,3239,0.4532071053981781,,
10.301543100000002,0,5513,336,4278,0.7290599999999992,13.48,0.0005,3277,1.1081151962280273,,
10.27118999,0,5590,340,4339,0.7251966666666658,13.51,0.0005,3338,1.3787257671356201,,
10.246384910000002,0,5648,344,4385,0.7222833333333323,13.43,0.0005,3384,0.3391936719417572,,
10.13074595,0,5696,348,4423,0.7198766666666667,13.29,0.0005,3422,1.111747145652771,,
10.250645030000001,0,5763,352,4476,0.7165199999999992,13.45,0.0005,3475,0.9900351166725159,,
10.51162296,0,5833,356,4531,0.7130366666666662,13.7,0.0005,3530,0.34360837936401367,,
10.621725179999999,0,5910,360,4592,0.7091733333333329,13.81,0.0005,3591,0.45590493083000183,,
10.281537380000001,0,5957,364,4629,0.706829999999999,13.35,0.0005,3628,0.34221357107162476,,
10.148240110000003,0,6002,368,4664,0.7046133333333326,13.18,0.0005,3663,0.6714293956756592,,
9.914075100000002,0,6043,372,4697,0.7025233333333336,12.9,0.0005,3696,0.4536742866039276,,
9.69565558,0,6107,376,4747,0.6993566666666673,12.62,0.0005,3746,0.4636877179145813,,
9.91372567,0,6179,380,4804,0.6957466666666668,12.81,0.0005,3803,0.6664161682128906,,
9.861259789999998,0,6242,384,4854,0.6925800000000005,12.75,0.0005,3853,0.8212459683418274,,
9.84204857,0,6295,388,4895,0.6899833333333338,12.74,0.0005,3894,0.5671080350875854,,
9.73134031,0,6329,392,4922,0.6882733333333331,12.62,0.0005,3921,0.5592353940010071,,
9.671733549999999,0,6418,396,4992,0.6838400000000002,12.41,0.0005,3991,0.3709205985069275,,
,,,,5000,0.6833966666666662,,0.0005,3999,0.353378027677536,9.767748000000001,11.8
9.67184893,0,6642,400,5043,0.6806100000000002,12.42,0.0005,4042,0.5676321983337402,,
9.45474869,0,6674,404,5068,0.6790266666666671,12.17,0.0005,4067,0.24915830790996552,,
9.542622699999999,0,6746,408,5125,0.6754166666666666,12.3,0.0005,4124,0.5814167261123657,,
9.41276428,0,6800,412,5168,0.6726933333333323,12.14,0.0005,4167,0.7955150008201599,,
9.31562632,0,6859,416,5214,0.6697800000000009,12.03,0.0005,4213,0.4570572078227997,,
9.33342892,0,6953,420,5289,0.6650299999999993,12.06,0.0005,4288,0.8159734010696411,,
9.569965909999999,0,7029,424,5349,0.6612299999999998,12.35,0.0005,4348,0.4649134874343872,,
9.44865364,0,7084,428,5393,0.6584433333333338,12.2,0.0005,4392,0.6699730157852173,,
9.350932960000002,0,7150,432,5445,0.6551500000000001,12.05,0.0005,4444,0.928909957408905,,
9.32581147,0,7193,436,5479,0.6529966666666673,12.01,0.0005,4478,0.47278469800949097,,
9.24274219,0,7247,440,5521,0.6503366666666668,11.82,0.0005,4520,0.35523760318756104,,
9.20018543,0,7301,444,5564,0.6476133333333325,11.79,0.0005,4563,0.5821775197982788,,
9.211612969999997,0,7349,448,5602,0.6452066666666669,11.79,0.0005,4601,0.36386632919311523,,
9.05615776,0,7387,452,5632,0.6433066666666671,11.56,0.0005,4631,0.36369752883911133,,
8.84931593,0,7435,456,5669,0.6409633333333333,11.38,0.0005,4668,0.13344796001911163,,
8.64845612,0,7479,460,5704,0.6387466666666668,11.12,0.0005,4703,0.9201228022575378,,
8.91747854,0,7568,464,5774,0.634313333333334,11.45,0.0005,4773,0.35985180735588074,,
9.22280727,0,7656,468,5844,0.629879999999999,11.8,0.0005,4843,0.25252020359039307,,
9.38718523,0,7727,472,5900,0.6263333333333323,12.03,0.0005,4899,0.9299336671829224,,
9.376246920000002,0,7777,476,5940,0.6237999999999992,11.93,0.0005,4939,0.24313940107822418,,
9.32448805,0,7845,480,5994,0.62038,11.9,0.0005,4993,0.2529398202896118,,
9.28619601,0,7902,484,6039,0.6175300000000004,11.85,0.0005,5038,0.9024779200553894,,
9.46936046,0,7988,488,6107,0.613223333333333,12.12,0.0005,5106,0.4578820466995239,,
9.740355499999998,0,8061,492,6164,0.6096133333333325,12.42,0.0005,5163,0.7103651165962219,,
9.432228679999998,0,8110,496,6203,0.6071433333333331,12.11,0.0005,5202,0.48714354634284973,,
9.42616634,0,8167,500,6248,0.6042933333333336,12.05,0.0005,5247,0.4662357270717621,,
9.639367080000001,0,8231,504,6299,0.6010633333333334,12.31,0.0005,5298,0.7998132109642029,,
9.532145729999998,0,8282,508,6339,0.5985300000000003,12.14,0.0005,5338,0.595870852470398,,
9.458546660000001,0,8326,512,6374,0.5963133333333339,12.06,0.0005,5373,0.6781023740768433,,
9.505013499999999,0,8384,516,6419,0.5934633333333343,12.05,0.0005,5418,0.1367291957139969,,
9.297731549999998,0,8441,520,6464,0.5906133333333325,11.75,0.0005,5463,0.7626147270202637,,
9.355784539999998,0,8523,524,6529,0.5864966666666662,11.8,0.0005,5528,1.0161761045455933,,
9.400493860000001,0,8578,528,6573,0.5837100000000003,11.8,0.0005,5572,1.3438396453857422,,
9.219875990000002,0,8614,532,6601,0.5819366666666659,11.56,0.0005,5600,0.5914767980575562,,
9.27331819,0,8665,536,6641,0.5794033333333328,11.62,0.0005,5640,0.7053165435791016,,
9.418857339999999,0,8738,540,6699,0.5757300000000007,11.78,0.0005,5698,0.4786907434463501,,
9.31716321,0,8777,544,6729,0.573830000000001,11.65,0.0005,5728,0.35136252641677856,,
9.394104480000001,0,8831,548,6772,0.5711066666666667,11.7,0.0005,5771,0.6233852505683899,,
9.59291457,0,8895,552,6822,0.5679400000000003,11.9,0.0005,5821,0.2618841528892517,,
9.791154319999999,0,8967,556,6879,0.56433,12.1,0.0005,5878,0.4850080609321594,,
9.75328309,0,9003,560,6907,0.5625566666666677,12.03,0.0005,5906,0.5034989714622498,,
9.519171159999999,0,9055,564,6948,0.5599600000000009,11.74,0.0005,5947,0.5982403755187988,,
9.27107552,0,9108,568,6990,0.5573000000000002,11.46,0.0005,5989,0.6193377375602722,,
9.16657503,0,9156,572,7028,0.5548933333333326,11.28,0.0005,6027,0.3653673529624939,,
9.132712190000001,0,9208,576,7069,0.5522966666666658,11.29,0.0005,6068,0.8420848846435547,,
9.02802175,0,9261,580,7111,0.5496366666666674,11.17,0.0005,6110,0.6672654151916504,,
9.063705619999999,0,9317,584,7155,0.5468499999999994,11.16,0.0005,6154,0.2356467992067337,,
8.850305299999999,0,9363,588,7192,0.5445066666666676,10.85,0.0005,6191,0.709741473197937,,
8.814493259999999,0,9428,592,7243,0.5412766666666675,10.79,0.0005,6242,0.48663532733917236,,
8.752345790000001,0,9465,596,7272,0.5394399999999993,10.69,0.0005,6271,0.5892715454101562,,
8.799593569999999,0,9534,600,7327,0.5359566666666664,10.79,0.0005,6326,0.8179022669792175,,
8.63750887,0,9570,604,7355,0.5341833333333341,10.56,0.0005,6354,0.49791014194488525,,
8.73403151,0,9637,608,7409,0.5307633333333328,10.7,0.0005,6408,0.5937297344207764,,
9.00305213,0,9720,612,7474,0.5266466666666665,11.0,0.0005,6473,0.6054496169090271,,
8.93901353,0,9771,616,7514,0.5241133333333334,10.95,0.0005,6513,0.3780055046081543,,
8.96725804,0,9829,620,7560,0.5212000000000001,10.96,0.0005,6559,0.9396865367889404,,
8.75429512,0,9885,624,7604,0.5184133333333341,10.75,0.0005,6603,0.48178282380104065,,
8.64476333,0,9926,628,7637,0.516323333333333,10.64,0.0005,6636,0.4770086407661438,,
8.776706899999999,0,9984,632,7683,0.5134099999999997,10.82,0.0005,6682,0.45858272910118103,,
8.74376947,0,10030,636,7719,0.5111299999999994,10.78,0.0005,6718,0.1477794349193573,,
8.49298129,0,10068,640,7749,0.5092299999999996,10.5,0.0005,6748,0.7421680092811584,,
8.59813297,0,10123,644,7792,0.5065066666666675,10.63,0.0005,6791,0.8445969820022583,,
8.602334990000001,0,10175,648,7833,0.5039100000000007,10.61,0.0005,6832,0.8347048163414001,,
8.44448059,0,10215,652,7865,0.5018833333333335,10.43,0.0005,6864,0.4748018980026245,,
8.158862910000002,0,10245,656,7888,0.5004266666666677,10.09,0.0005,6887,0.3722699284553528,,
8.286157979999999,0,10299,660,7931,0.4977033333333335,10.24,0.0005,6930,0.7009179592132568,,
8.29795785,0,10352,664,7973,0.49504333333333284,10.25,0.0005,6972,0.5950374603271484,,
8.578316350000001,0,10440,668,8042,0.49067333333333374,10.52,0.0005,7041,0.47824326157569885,,
8.44313739,0,10470,672,8066,0.48915333333333444,10.38,0.0005,7065,0.9114392399787903,,
8.41103139,0,10512,676,8099,0.4870633333333334,10.3,0.0005,7098,0.7297319173812866,,
8.61331085,0,10585,680,8157,0.4833899999999991,10.46,0.0005,7156,0.5810770392417908,,
8.6937012,0,10656,684,8213,0.4798433333333324,10.58,0.0005,7212,0.6040758490562439,,
8.70831679,0,10703,688,8250,0.4775000000000007,10.58,0.0005,7249,0.7892453074455261,,
8.510567400000001,0,10742,692,8281,0.47553666666666716,10.38,0.0005,7280,0.5364921689033508,,
8.67709661,0,10799,696,8326,0.47268666666666737,10.54,0.0005,7325,0.4747590720653534,,
8.657330790000001,0,10862,700,8376,0.46952000000000105,10.49,0.0005,7375,0.6023298501968384,,
8.8155466,0,10918,704,8420,0.4667333333333331,10.65,0.0005,7419,0.8309704661369324,,
8.764182969999998,0,10973,708,8463,0.4640100000000008,10.54,0.0005,7462,0.4492996633052826,,
8.75701429,0,11058,712,8530,0.4597666666666672,10.56,0.0005,7529,0.7069191932678223,,
9.07785203,0,11150,716,8603,0.4551433333333331,10.89,0.0005,7602,0.24111270904541016,,
9.01091339,0,11204,720,8646,0.4524200000000008,10.86,0.0005,7645,1.0249263048171997,,
8.94943888,0,11246,724,8679,0.4503299999999999,10.75,0.0005,7678,0.26497748494148254,,
8.99083875,0,11293,728,8716,0.447986666666666,10.79,0.0005,7715,0.36137884855270386,,
9.0089351,0,11348,732,8759,0.4452633333333338,10.76,0.0005,7758,0.36157292127609253,,
9.06090066,0,11400,736,8800,0.442666666666667,10.81,0.0005,7799,0.9100179076194763,,
9.27730729,0,11467,740,8853,0.4393099999999994,11.04,0.0005,7852,0.7063345909118652,,
9.2672932,0,11518,744,8893,0.43677666666666637,11.01,0.0005,7892,0.48495393991470337,,
9.279496230000001,0,11572,748,8936,0.43405333333333407,11.03,0.0005,7935,0.8241862058639526,,
9.2431401,0,11609,752,8965,0.432216666666666,11.0,0.0005,7964,0.905561089515686,,
9.466777630000001,0,11670,756,9013,0.4291766666666671,11.25,0.0005,8012,0.36681151390075684,,
9.34271442,0,11708,760,9043,0.4272766666666674,11.12,0.0005,8042,0.4575600326061249,,
9.404438119999998,0,11769,764,9091,0.4242366666666664,11.18,0.0005,8090,0.7675954699516296,,
9.303318310000002,0,11846,768,9152,0.42037333333333315,11.1,0.0005,8151,0.8266929984092712,,
9.479960140000001,0,11903,772,9197,0.41752333333333336,11.31,0.0005,8196,0.4758369028568268,,
9.653785970000001,0,11971,776,9251,0.41410333333333427,11.52,0.0005,8250,0.4796433448791504,,
9.47096823,0,12026,780,9294,0.41137999999999997,11.37,0.0005,8293,0.14082899689674377,,
9.399659,0,12084,784,9340,0.4084666666666664,11.27,0.0005,8339,0.5716285705566406,,
9.515088969999999,0,12150,788,9392,0.4051733333333326,11.42,0.0005,8391,0.33977386355400085,,
9.71519434,0,12217,792,9445,0.40181666666666727,11.64,0.0005,8444,0.7835760712623596,,
9.63973374,0,12267,796,9484,0.39934666666666585,11.58,0.0005,8483,0.6827687621116638,,
9.59853022,0,12322,800,9527,0.39662333333333355,11.51,0.0005,8526,0.26673242449760437,,
9.49879121,0,12366,804,9562,0.39440666666666724,11.42,0.0005,8561,0.8119691610336304,,
9.25529916,0,12388,808,9579,0.39332999999999974,11.16,0.0005,8578,0.7458356618881226,,
9.027339240000002,0,12437,812,9618,0.39086000000000054,10.88,0.0005,8617,0.6863246560096741,,
8.68789995,0,12482,816,9654,0.38858000000000026,10.51,0.0005,8653,0.8226165175437927,,
8.78354772,0,12547,820,9705,0.3853500000000003,10.59,0.0005,8704,0.3815319240093231,,
8.733691540000002,0,12582,824,9733,0.3835766666666659,10.54,0.0005,8732,0.501209557056427,,
8.936851829999998,0,12656,828,9791,0.3799033333333337,10.75,0.0005,8790,0.4815690815448761,,
9.04773056,0,12728,832,9848,0.37629333333333337,10.89,0.0005,8847,0.4906969964504242,,
9.020064020000001,0,12778,836,9888,0.3737600000000003,10.88,0.0005,8887,0.4767059087753296,,
8.964789190000001,0,12839,840,9936,0.3707199999999994,10.83,0.0005,8935,0.44869598746299744,,
9.09820935,0,12908,844,9990,0.36730000000000007,10.97,0.0005,8989,1.227832555770874,,
,,,,10000,0.36673000000000067,,0.0005,8999,0.909758448600769,9.328542,10.4
9.002949780000002,0,13092,848,10024,0.3651466666666675,10.88,0.0005,9023,0.35769301652908325,,
9.16455442,0,13149,852,10069,0.3622966666666656,11.04,0.0005,9068,0.3938911259174347,,
9.14651853,0,13207,856,10115,0.3593833333333343,11.02,0.0005,9114,0.5115753412246704,,
9.31642393,0,13269,860,10164,0.3562799999999996,11.21,0.0005,9163,0.814148485660553,,
9.527804159999999,0,13354,864,10231,0.3520366666666659,11.4,0.0005,9230,0.7117958664894104,,
9.42447977,0,13418,868,10281,0.34886999999999957,11.29,0.0005,9280,0.5961620807647705,,
9.40949012,0,13468,872,10321,0.3463366666666666,11.24,0.0005,9320,0.4683976471424103,,
9.16654278,0,13503,876,10348,0.34462666666666597,10.97,0.0005,9347,0.13498732447624207,,
9.10883479,0,13546,880,10382,0.3424733333333332,10.88,0.0005,9381,0.595451831817627,,
9.223292650000001,0,13622,884,10442,0.3386733333333337,11.02,0.0005,9441,0.5574867725372314,,
9.39150386,0,13711,888,10512,0.33424000000000076,11.2,0.0005,9511,0.7139133214950562,,
9.56378962,0,13800,892,10583,0.3297433333333343,11.38,0.0005,9582,0.6867495775222778,,
9.568785149999998,0,13847,896,10620,0.32740000000000036,11.36,0.0005,9619,0.8077454566955566,,
9.532525960000001,0,13901,900,10662,0.3247399999999997,11.35,0.0005,9661,1.2724518775939941,,
9.51108827,0,13941,904,10694,0.3227133333333325,11.32,0.0005,9693,0.8689976930618286,,
9.73884524,0,13997,908,10738,0.3199266666666666,11.59,0.0005,9737,0.722327470779419,,
9.768577079999998,0,14055,912,10784,0.31701333333333315,11.66,0.0005,9783,0.48655763268470764,,
10.12040271,0,14144,916,10854,0.3125800000000002,12.0,0.0005,9853,0.4612521529197693,,
10.03943932,0,14192,920,10892,0.3101733333333325,11.87,0.0005,9891,0.6869797706604004,,
10.334310069999999,0,14271,924,10955,0.3061833333333338,12.22,0.0005,9954,0.6011672019958496,,
10.59409395,0,14383,928,11043,0.30060999999999993,12.52,0.0005,10042,0.4016420841217041,,
10.405271339999999,0,14426,932,11077,0.29845666666666726,12.29,0.0005,10076,1.1156879663467407,,
10.4426807,0,14479,936,11119,0.2957966666666667,12.31,0.0005,10118,0.1296776533126831,,
10.605230920000002,0,14560,940,11183,0.29174333333333424,12.47,0.0005,10182,0.8174796104431152,,
10.735165910000001,0,14646,944,11251,0.2874366666666668,12.61,0.0005,10250,0.9795256853103638,,
10.791241989999998,0,14694,948,11289,0.285029999999999,12.65,0.0005,10288,0.3677464425563812,,
10.89980875,0,14770,952,11349,0.28122999999999954,12.8,0.0005,10348,0.5181774497032166,,
10.868047,0,14826,956,11393,0.2784433333333336,12.78,0.0005,10392,0.2657437026500702,,
10.94171007,0,14894,960,11447,0.2750233333333343,12.83,0.0005,10446,1.0011367797851562,,
10.517229359999996,0,14927,964,11473,0.2733766666666675,12.42,0.0005,10472,0.7033510208129883,,
10.467926199999999,0,14982,968,11516,0.2706533333333332,12.35,0.0005,10515,0.7062702178955078,,
10.521714009999998,0,15040,972,11562,0.26773999999999976,12.41,0.0005,10561,1.1579338312149048,,
10.62423007,0,15088,976,11600,0.2653333333333342,12.52,0.0005,10599,0.6969996690750122,,
10.673404519999998,0,15139,980,11640,0.26280000000000103,12.58,0.0005,10639,0.3834770619869232,,
10.49112502,0,15187,984,11678,0.2603933333333335,12.36,0.0005,10677,0.6135879158973694,,
10.372838060000001,0,15258,988,11734,0.2568466666666668,12.22,0.0005,10733,0.48129338026046753,,
9.99761802,0,15293,992,11762,0.2550733333333345,11.79,0.0005,10761,0.4289551377296448,,
9.932303250000002,0,15336,996,11795,0.25298333333333334,11.75,0.0005,10794,0.9364457130432129,,
9.8193056,0,15370,1000,11822,0.2512733333333328,11.6,0.0005,10821,0.5776523351669312,,
9.84186727,0,15418,1004,11860,0.24886666666666724,11.66,0.0005,10859,0.5833196640014648,,
9.72966666,0,15457,1008,11891,0.2469033333333337,11.53,0.0005,10890,0.5928548574447632,,
9.87312395,0,15532,1012,11950,0.24316666666666564,11.66,0.0005,10949,1.1447597742080688,,
9.46205301,0,15568,1016,11978,0.24139333333333346,11.24,0.0005,10977,0.49258819222450256,,
9.341834089999999,0,15602,1020,12005,0.2396833333333327,11.13,0.0005,11004,0.4601331353187561,,
9.291540990000001,0,15668,1024,12057,0.236390000000001,11.02,0.0005,11056,1.0102022886276245,,
9.07202453,0,15745,1028,12118,0.23252666666666766,10.75,0.0005,11117,0.7151585817337036,,
9.266372879999999,0,15815,1032,12173,0.2290433333333326,10.96,0.0005,11172,1.0555565357208252,,
9.24902871,0,15864,1036,12212,0.2265733333333333,10.93,0.0005,11211,0.9413355588912964,,
9.13522054,0,15926,1040,12261,0.22347000000000072,10.78,0.0005,11260,0.603801965713501,,
9.008035379999997,0,15990,1044,12311,0.2203033333333344,10.6,0.0005,11310,0.6055863499641418,,
9.13900523,0,16055,1048,12363,0.2170100000000007,10.74,0.0005,11362,0.7116273045539856,,
9.052282009999999,0,16119,1052,12413,0.21384333333333438,10.64,0.0005,11412,0.12909835577011108,,
9.21530538,0,16193,1056,12472,0.21010666666666633,10.79,0.0005,11471,0.7206758856773376,,
9.081050419999999,0,16243,1060,12511,0.20763666666666702,10.64,0.0005,11510,0.488720566034317,,
9.362527190000002,0,16310,1064,12564,0.20427999999999957,10.91,0.0005,11563,0.2940383851528168,,
9.378002480000001,0,16365,1068,12608,0.20149333333333364,10.92,0.0005,11607,1.076406717300415,,
9.524904479999998,0,16441,1072,12668,0.19769333333333405,11.06,0.0005,11667,0.5826645493507385,,
9.49525864,0,16485,1076,12703,0.19547666666666752,11.03,0.0005,11702,0.5045300722122192,,
9.60556384,0,16550,1080,12754,0.19224666666666745,11.14,0.0005,11753,0.3518366813659668,,
9.54192853,0,16588,1084,12784,0.19034666666666555,11.06,0.0005,11783,0.6481375694274902,,
9.30474835,0,16623,1088,12812,0.18857333333333337,10.78,0.0005,11811,0.6942264437675476,,
9.20117175,0,16645,1092,12829,0.18749666666666598,10.67,0.0005,11828,0.7818142175674438,,
9.302526530000002,0,16697,1096,12870,0.18489999999999907,10.75,0.0005,11869,0.36456215381622314,,
9.490458519999999,0,16755,1100,12916,0.18198666666666574,10.94,0.0005,11915,0.8117780685424805,,
9.48802007,0,16799,1104,12951,0.1797699999999992,10.91,0.0005,11950,0.6374810338020325,,
9.58983149,0,16850,1108,12991,0.17723666666666626,11.0,0.0005,11990,0.562870442867279,,
9.41458204,0,16896,1112,13028,0.17489333333333235,10.78,0.0005,12027,0.7754324674606323,,
9.48341909,0,16942,1116,13064,0.17261333333333417,10.86,0.0005,12063,0.5760069489479065,,
9.52805011,0,16981,1120,13095,0.17065000000000063,10.9,0.0005,12094,0.6641422510147095,,
9.380870660000001,0,17028,1124,13132,0.16830666666666672,10.75,0.0005,12131,0.8195912837982178,,
9.23229062,0,17087,1128,13179,0.16532999999999964,10.61,0.0005,12178,0.7175336480140686,,
8.985460080000001,0,17124,1132,13208,0.1634933333333335,10.35,0.0005,12207,0.3955335021018982,,
8.858607760000002,0,17157,1136,13234,0.1618466666666667,10.22,0.0005,12233,0.6859114170074463,,
8.84773646,0,17217,1140,13281,0.1588699999999994,10.2,0.0005,12280,0.2813417911529541,,
8.95123046,0,17295,1144,13343,0.15494333333333232,10.32,0.0005,12342,0.7363093495368958,,
8.946737859999999,0,17361,1148,13395,0.15165000000000062,10.32,0.0005,12394,1.024273157119751,,
8.877957310000003,0,17415,1152,13438,0.14892666666666632,10.25,0.0005,12437,0.8869580030441284,,
8.642286780000001,0,17458,1156,13472,0.14677333333333376,10.0,0.0005,12471,0.698272168636322,,
8.59678079,0,17501,1160,13506,0.14462000000000097,9.95,0.0005,12505,1.1852511167526245,,
8.6126075,0,17571,1164,13561,0.1411366666666659,9.97,0.0005,12560,0.8197665810585022,,
8.806304930000001,0,17649,1168,13623,0.13721000000000105,10.15,0.0005,12622,0.41384363174438477,,
8.59435553,0,17697,1172,13661,0.13480333333333328,9.93,0.0005,12660,0.860354483127594,,
8.901384229999998,0,17782,1176,13728,0.13055999999999968,10.25,0.0005,12727,0.6057521104812622,,
9.11692147,0,17876,1180,13803,0.1258100000000002,10.49,0.0005,12802,0.3607518970966339,,
9.319992219999998,0,17941,1184,13854,0.12258000000000002,10.7,0.0005,12853,0.36962997913360596,,
9.58710542,0,18013,1188,13911,0.11896999999999958,10.99,0.0005,12910,0.37972477078437805,,
9.970650939999999,0,18086,1192,13968,0.11535999999999924,11.39,0.0005,12967,0.3539777398109436,,
9.81669389,0,18117,1196,13993,0.11377666666666608,11.23,0.0005,12992,0.7601626515388489,,
9.846259159999999,0,18181,1200,14043,0.11060999999999976,11.27,0.0005,13042,0.6458235383033752,,
9.86333743,0,18225,1204,14078,0.10839333333333334,11.27,0.0005,13077,0.8070988655090332,,
9.80436662,0,18267,1208,14111,0.1063033333333343,11.2,0.0005,13110,0.8742836713790894,,
10.01141827,0,18343,1212,14171,0.10250333333333272,11.43,0.0005,13170,0.6001434922218323,,
10.286742629999999,0,18426,1216,14236,0.09838666666666651,11.72,0.0005,13235,0.735345721244812,,
10.356440140000002,0,18474,1220,14274,0.09598000000000095,11.79,0.0005,13273,0.7252016663551331,,
11.037084619999998,0,18616,1224,14386,0.08888666666666756,12.54,0.0005,13385,0.586127758026123,,
11.18643323,0,18693,1228,14447,0.08502333333333412,12.68,0.0005,13446,0.473946750164032,,
11.22715838,0,18733,1232,14479,0.08299666666666694,12.71,0.0005,13478,0.2637714445590973,,
11.536285139999997,0,18808,1236,14538,0.07926000000000111,13.04,0.0005,13537,0.7153055667877197,,
11.52027977,0,18868,1240,14585,0.07628333333333392,13.04,0.0005,13584,0.5922204256057739,,
11.365287259999997,0,18926,1244,14631,0.07337000000000049,12.88,0.0005,13630,0.37928497791290283,,
11.45970843,0,19006,1248,14694,0.06937999999999966,12.99,0.0005,13693,0.44301581382751465,,
11.53711191,0,19067,1252,14742,0.06634000000000084,13.04,0.0005,13741,0.5743668079376221,,
11.9159484,0,19161,1256,14816,0.061653333333333005,13.44,0.0005,13815,0.8900772333145142,,
11.957280320000002,0,19212,1260,14856,0.05911999999999995,13.5,0.0005,13855,0.4697198271751404,,
11.95823255,0,19291,1264,14919,0.05512999999999901,13.58,0.0005,13918,0.8570021390914917,,
11.937829260000003,0,19366,1268,14978,0.05139333333333329,13.55,0.0005,13977,0.2578775882720947,,
,,,,15000,0.050063333333333015,,0.0005,13999,0.5823518633842468,10.8036244,12.1
12.159047809999999,0,19609,1272,15040,0.05,13.79,0.0005,14039,0.6920722126960754,,
12.003046989999998,0,19673,1276,15091,0.05,13.63,0.0005,14090,0.4062390625476837,,
11.932845039999997,0,19756,1280,15156,0.05,13.53,0.0005,14155,0.7326288223266602,,
11.848878960000002,0,19809,1284,15198,0.05,13.44,0.0005,14197,0.6144938468933105,,
11.717914980000003,0,19863,1288,15240,0.05,13.29,0.0005,14239,0.351145476102829,,
11.558938060000003,0,19915,1292,15281,0.05,13.13,0.0005,14280,1.0114212036132812,,
11.748451780000003,0,19975,1296,15329,0.05,13.36,0.0005,14328,0.5091418623924255,,
11.965216560000004,0,20067,1300,15401,0.05,13.58,0.0005,14400,0.35429835319519043,,
12.066103770000002,0,20128,1304,15450,0.05,13.72,0.0005,14449,0.7588595151901245,,
12.28884181,0,20203,1308,15509,0.05,13.98,0.0005,14508,0.3759233057498932,,
12.346316279999998,0,20291,1312,15578,0.05,14.07,0.0005,14577,0.687737226486206,,
12.1997777,0,20351,1316,15626,0.05,13.9,0.0005,14625,0.9196885228157043,,
12.446384240000002,0,20431,1320,15689,0.05,14.15,0.0005,14688,0.6634234189987183,,
12.017681990000002,0,20508,1324,15750,0.05,13.64,0.0005,14749,0.6982119679450989,,
11.889830060000001,0,20570,1328,15799,0.05,13.52,0.0005,14798,0.9318988919258118,,
11.871534589999996,0,20608,1332,15829,0.05,13.5,0.0005,14828,0.6181212067604065,,
11.81659707,0,20673,1336,15880,0.05,13.42,0.0005,14879,0.6114287376403809,,
11.99355695,0,20752,1340,15943,0.05,13.58,0.0005,14942,0.37590840458869934,,
12.019338600000001,0,20813,1344,15991,0.05,13.6,0.0005,14990,0.6764204502105713,,
11.836161519999997,0,20865,1348,16032,0.05,13.38,0.0005,15031,0.22803369164466858,,
11.861211179999996,0,20930,1352,16083,0.05,13.41,0.0005,15082,0.37529751658439636,,
11.717576339999999,0,21003,1356,16141,0.05,13.25,0.0005,15140,0.4920644164085388,,
11.84939515,0,21067,1360,16192,0.05,13.36,0.0005,15191,0.7191396951675415,,
11.70673011,0,21119,1364,16233,0.05,13.14,0.0005,15232,0.7203588485717773,,
11.74751733,0,21201,1368,16298,0.05,13.2,0.0005,15297,0.573796272277832,,
11.646548050000002,0,21266,1372,16349,0.05,13.09,0.0005,15348,0.5965354442596436,,
11.44094398,0,21301,1376,16377,0.05,12.86,0.0005,15376,0.5165072679519653,,
11.13347152,0,21342,1380,16409,0.05,12.53,0.0005,15408,0.5853273868560791,,
11.055615170000001,0,21387,1384,16445,0.05,12.47,0.0005,15444,0.40061458945274353,,
11.174142959999998,0,21456,1388,16499,0.05,12.59,0.0005,15498,0.17215853929519653,,
11.370676759999998,0,21532,1392,16559,0.05,12.78,0.0005,15558,0.9423418641090393,,
11.314416770000001,0,21580,1396,16597,0.05,12.68,0.0005,15596,0.4054206311702728,,
10.961951120000002,0,21623,1400,16631,0.05,12.3,0.0005,15630,0.7114242911338806,,
10.869976379999999,0,21669,1404,16667,0.05,12.17,0.0005,15666,0.2671712636947632,,
10.686837269999998,0,21716,1408,16704,0.05,11.95,0.0005,15703,0.5367473363876343,,
10.677744689999997,0,21794,1412,16766,0.05,11.88,0.0005,15765,0.29324105381965637,,
10.59248311,0,21845,1416,16806,0.05,11.8,0.0005,15805,0.782744288444519,,
10.494434730000002,0,21911,1420,16858,0.05,11.69,0.0005,15857,0.6470673680305481,,
10.29575826,0,21962,1424,16899,0.05,11.49,0.0005,15898,1.2815302610397339,,
10.443138419999999,0,22045,1428,16964,0.05,11.65,0.0005,15963,0.877391517162323,,
10.65898102,0,22112,1432,17017,0.05,11.88,0.0005,16016,0.9034106135368347,,
10.518339890000002,0,22157,1436,17053,0.05,11.73,0.0005,16052,0.6909065842628479,,
10.53409775,0,22241,1440,17119,0.05,11.76,0.0005,16118,0.5823299884796143,,
10.55803075,0,22307,1444,17171,0.05,11.8,0.0005,16170,0.9831544160842896,,
10.729156549999997,0,22380,1448,17229,0.05,11.97,0.0005,16228,0.6947421431541443,,
10.7915758,0,22458,1452,17290,0.05,12.07,0.0005,16289,0.4350737929344177,,
10.73048903,0,22522,1456,17341,0.05,12.0,0.0005,16340,0.6116347312927246,,
10.773734609999998,0,22599,1460,17402,0.05,12.1,0.0005,16401,0.6741271018981934,,
10.6672881,0,22639,1464,17434,0.05,12.01,0.0005,16433,0.7604522705078125,,
10.45930235,0,22695,1468,17478,0.05,11.8,0.0005,16477,0.40436607599258423,,
10.349785019999999,0,22746,1472,17518,0.05,11.69,0.0005,16517,0.2637495696544647,,
10.546001640000002,0,22806,1476,17566,0.05,11.89,0.0005,16565,0.8604563474655151,,
11.02269811,0,22915,1480,17652,0.05,12.43,0.0005,16651,0.3300100862979889,,
11.080807349999997,0,22966,1484,17693,0.05,12.48,0.0005,16692,0.7668894529342651,,
11.12467297,0,23043,1488,17754,0.05,12.55,0.0005,16753,0.6029061079025269,,
10.989851000000002,0,23102,1492,17800,0.05,12.41,0.0005,16799,0.7483199834823608,,
10.896575169999998,0,23140,1496,17830,0.05,12.33,0.0005,16829,0.3135679364204407,,
11.17082119,0,23227,1500,17899,0.05,12.68,0.0005,16898,0.5861843228340149,,
11.181508539999998,0,23275,1504,17937,0.05,12.7,0.0005,16936,0.5498709678649902,,
11.276995089999998,0,23336,1508,17985,0.05,12.81,0.0005,16984,0.9052497148513794,,
11.255292859999999,0,23423,1512,18054,0.05,12.88,0.0005,17053,0.7188551425933838,,
11.781164640000002,0,23539,1516,18146,0.05,13.4,0.0005,17145,0.17208248376846313,,
11.786974800000001,0,23608,1520,18200,0.05,13.42,0.0005,17199,0.6400257349014282,,
11.831622580000003,0,23668,1524,18247,0.05,13.48,0.0005,17246,0.49413052201271057,,
11.709101580000002,0,23733,1528,18299,0.05,13.35,0.0005,17298,0.31515663862228394,,
12.122295129999998,0,23853,1532,18394,0.05,13.77,0.0005,17393,0.750053882598877,,
12.105017249999996,0,23898,1536,18429,0.05,13.76,0.0005,17428,0.5192281603813171,,
11.76212156,0,23937,1540,18460,0.05,13.41,0.0005,17459,0.3584171533584595,,
11.870726999999999,0,24016,1544,18522,0.05,13.51,0.0005,17521,0.6886189579963684,,
11.685695010000002,0,24071,1548,18565,0.05,13.36,0.0005,17564,0.5536553859710693,,
11.42541349,0,24109,1552,18595,0.05,13.05,0.0005,17594,0.6970527768135071,,
11.756747570000002,0,24217,1556,18680,0.05,13.39,0.0005,17679,1.2294015884399414,,
11.898930260000002,0,24305,1560,18750,0.05,13.48,0.0005,17749,0.8447633981704712,,
11.976349770000002,0,24353,1564,18788,0.05,13.54,0.0005,17787,0.6639529466629028,,
12.120419440000001,0,24425,1568,18845,0.05,13.67,0.0005,17844,0.4902110695838928,,
12.268612780000002,0,24493,1572,18899,0.05,13.81,0.0005,17898,0.870384931564331,,
12.347890530000003,0,24564,1576,18955,0.05,13.89,0.0005,17954,0.4542391896247864,,
12.054723240000001,0,24637,1580,19012,0.05,13.6,0.0005,18011,0.5698428750038147,,
12.05945189,0,24689,1584,19053,0.05,13.6,0.0005,18052,0.4558057188987732,,
11.884450579999998,0,24740,1588,19094,0.05,13.4,0.0005,18093,0.5948356986045837,,
12.046300709999999,0,24824,1592,19160,0.05,13.6,0.0005,18159,0.543573796749115,,
12.26088476,0,24898,1596,19219,0.05,13.89,0.0005,18218,0.2335222214460373,,
12.221460909999998,0,24971,1600,19277,0.05,13.78,0.0005,18276,0.3700510561466217,,
12.256301109999999,0,25023,1604,19318,0.05,13.81,0.0005,18317,0.4875844419002533,,
12.28630877,0,25086,1608,19368,0.05,13.83,0.0005,18367,0.5240031480789185,,
12.1297231,0,25142,1612,19412,0.05,13.58,0.0005,18411,0.35806804895401,,
12.005154640000002,0,25252,1616,19498,0.05,13.52,0.0005,18497,0.3562356233596802,,
11.88518521,0,25305,1620,19540,0.05,13.4,0.0005,18539,1.055166482925415,,
12.37117171,0,25422,1624,19633,0.05,13.86,0.0005,18632,0.9962452054023743,,
12.15396561,0,25459,1628,19662,0.05,13.63,0.0005,18661,0.2557494342327118,,
11.97617318,0,25556,1632,19739,0.05,13.45,0.0005,18738,0.2924116849899292,,
12.070992469999998,0,25614,1636,19785,0.05,13.56,0.0005,18784,0.588165283203125,,
12.27556073,0,25680,1640,19837,0.05,13.77,0.0005,18836,0.5140378475189209,,
12.007331129999995,0,25724,1644,19872,0.05,13.5,0.0005,18871,0.46880313754081726,,
12.23342911,0,25803,1648,19934,0.05,13.69,0.0005,18933,0.4913663864135742,,
12.440120439999998,0,25869,1652,19986,0.05,13.91,0.0005,18985,0.6175647974014282,,
,,,,20000,0.05,,0.0005,18999,0.9786294102668762,9.4435143,10.9
12.07651406,0,26077,1656,20034,0.05,13.54,0.0005,19033,1.0103195905685425,,
11.808524760000001,0,26132,1660,20078,0.05,13.28,0.0005,19077,0.13749361038208008,,
12.02179743,0,26207,1664,20137,0.05,13.49,0.0005,19136,0.6527941226959229,,
12.06042253,0,26290,1668,20202,0.05,13.57,0.0005,19201,0.7162202000617981,,
11.853685260000004,0,26333,1672,20236,0.05,13.37,0.0005,19235,0.7248438596725464,,
11.771693729999999,0,26394,1676,20284,0.05,13.29,0.0005,19283,0.6231418251991272,,
11.832968789999997,0,26469,1680,20343,0.05,13.31,0.0005,19342,0.9669731259346008,,
12.170564079999998,0,26565,1684,20419,0.05,13.66,0.0005,19418,0.29008716344833374,,
12.051797849999998,0,26604,1688,20450,0.05,13.56,0.0005,19449,0.5680116415023804,,
11.898483120000003,0,26665,1692,20498,0.05,13.38,0.0005,19497,0.4845031797885895,,
11.99301001,0,26745,1696,20562,0.05,13.43,0.0005,19561,0.4070723056793213,,
11.95340868,0,26814,1700,20616,0.05,13.39,0.0005,19615,0.2750667631626129,,
12.083910540000002,0,26885,1704,20672,0.05,13.54,0.0005,19671,0.6178081035614014,,
12.113689119999998,0,26952,1708,20725,0.05,13.57,0.0005,19724,0.5722092986106873,,
12.166631120000002,0,27016,1712,20776,0.05,13.64,0.0005,19775,0.5641136169433594,,
11.997881630000002,0,27096,1716,20839,0.05,13.41,0.0005,19838,0.5782312154769897,,
12.06421495,0,27161,1720,20890,0.05,13.5,0.0005,19889,0.5503676533699036,,
11.78525573,0,27248,1724,20959,0.05,13.26,0.0005,19958,0.5203578472137451,,
11.798779059999998,0,27286,1728,20989,0.05,13.27,0.0005,19988,0.5699343681335449,,
11.509958089999996,0,27347,1732,21038,0.05,12.99,0.0005,20037,0.4761750102043152,,
11.489438669999997,0,27404,1736,21083,0.05,12.98,0.0005,20082,0.9148792624473572,,
11.52531546,0,27476,1740,21140,0.05,13.03,0.0005,20139,0.37095651030540466,,
11.98518239,0,27576,1744,21219,0.05,13.47,0.0005,20218,0.37744972109794617,,
11.909067269999998,0,27648,1748,21276,0.05,13.42,0.0005,20275,0.1342412233352661,,
11.652060589999998,0,27681,1752,21302,0.05,13.16,0.0005,20301,0.4063597619533539,,
11.587030299999999,0,27734,1756,21344,0.05,13.1,0.0005,20343,0.6432011127471924,,
11.584890020000003,0,27789,1760,21387,0.05,13.09,0.0005,20386,0.6848042011260986,,
11.668457680000001,0,27875,1764,21455,0.05,13.18,0.0005,20454,0.6445479989051819,,
11.76999865,0,27968,1768,21528,0.05,13.26,0.0005,20527,1.0904865264892578,,
11.945203789999999,0,28039,1772,21584,0.05,13.48,0.0005,20583,0.477450966835022,,
11.916297629999997,0,28094,1776,21628,0.05,13.44,0.0005,20627,0.28073984384536743,,
11.984432489999996,0,28184,1780,21699,0.05,13.56,0.0005,20698,0.5152842402458191,,
11.824871340000001,0,28265,1784,21763,0.05,13.44,0.0005,20762,0.652218759059906,,
11.98609771,0,28324,1788,21809,0.05,13.59,0.0005,20808,0.7155470252037048,,
12.142627329999998,0,28405,1792,21873,0.05,13.75,0.0005,20872,0.5662702322006226,,
12.091363330000004,0,28476,1796,21929,0.05,13.67,0.0005,20928,0.7745362520217896,,
12.07048211,0,28545,1800,21983,0.05,13.67,0.0005,20982,0.3774940073490143,,
12.096466959999997,0,28619,1804,22042,0.05,13.7,0.0005,21041,0.5269320607185364,,
12.08817209,0,28685,1808,22094,0.05,13.69,0.0005,21093,0.6520045399665833,,
12.004449240000001,0,28737,1812,22135,0.05,13.59,0.0005,21134,0.2622116208076477,,
12.060616920000003,0,28824,1816,22204,0.05,13.65,0.0005,21203,0.47148504853248596,,
12.23787836,0,28909,1820,22271,0.05,13.81,0.0005,21270,0.691228985786438,,
12.365961930000001,0,29021,1824,22359,0.05,14.0,0.0005,21358,0.48440632224082947,,
12.64698881,0,29097,1828,22419,0.05,14.3,0.0005,21418,0.21374550461769104,,
12.787159250000002,0,29175,1832,22481,0.05,14.43,0.0005,21480,0.8247633576393127,,
12.95454884,0,29254,1836,22543,0.05,14.6,0.0005,21542,0.4548911452293396,,
12.886741500000001,0,29317,1840,22592,0.05,14.52,0.0005,21591,0.2949311137199402,,
12.70179338,0,29395,1844,22654,0.05,14.35,0.0005,21653,0.9100791811943054,,
12.61969975,0,29455,1848,22702,0.05,14.26,0.0005,21701,0.9542852640151978,,
12.698549550000001,0,29501,1852,22738,0.05,14.36,0.0005,21737,0.5050197243690491,,
12.771891489999998,0,29568,1856,22791,0.05,14.47,0.0005,21790,0.29161185026168823,,
12.87957921,0,29642,1860,22849,0.05,14.62,0.0005,21848,0.36993885040283203,,
12.678762859999999,0,29701,1864,22896,0.05,14.41,0.0005,21895,0.8253896236419678,,
12.39692688,0,29756,1868,22939,0.05,14.11,0.0005,21938,0.7492669820785522,,
12.79742595,0,29875,1872,23033,0.05,14.49,0.0005,22032,0.05254887044429779,,
12.848678770000001,0,29938,1876,23083,0.05,14.55,0.0005,22082,0.18764843046665192,,
12.893398270000002,0,30024,1880,23152,0.05,14.53,0.0005,22151,0.8999956846237183,,
12.916587119999999,0,30100,1884,23212,0.05,14.49,0.0005,22211,0.7093912363052368,,
12.815738270000002,0,30146,1888,23248,0.05,14.39,0.0005,22247,0.3569343686103821,,
12.70320845,0,30213,1892,23301,0.05,14.28,0.0005,22300,0.616971492767334,,
12.553263029999998,0,30264,1896,23341,0.05,14.12,0.0005,22340,0.4093863368034363,,
12.389670109999999,0,30316,1900,23381,0.05,13.98,0.0005,22380,0.5092968344688416,,
12.216446789999996,0,30366,1904,23421,0.05,13.79,0.0005,22420,0.8430709838867188,,
12.60843593,0,30485,1908,23514,0.05,14.2,0.0005,22513,0.6148028373718262,,
12.92047024,0,30575,1912,23586,0.05,14.51,0.0005,22585,0.7507939338684082,,
12.861527390000001,0,30665,1916,23657,0.05,14.53,0.0005,22656,0.7070304751396179,,
12.74628335,0,30733,1920,23711,0.05,14.4,0.0005,22710,0.7188771367073059,,
12.538088389999999,0,30806,1924,23769,0.05,14.1,0.0005,22768,0.41864433884620667,,
12.45314309,0,30871,1928,23820,0.05,14.01,0.0005,22819,0.7864956855773926,,
12.637460999999997,0,30971,1932,23899,0.05,14.18,0.0005,22898,0.6021543741226196,,
12.518852500000001,0,31035,1936,23950,0.05,14.07,0.0005,22949,0.49441391229629517,,
12.859339030000001,0,31140,1940,24033,0.05,14.41,0.0005,23032,0.8615411520004272,,
12.658495140000003,0,31194,1944,24076,0.05,14.22,0.0005,23075,0.1752602756023407,,
12.63901054,0,31253,1948,24122,0.05,14.2,0.0005,23121,1.3304272890090942,,
12.962731389999998,0,31336,1952,24188,0.05,14.5,0.0005,23187,0.4099092483520508,,
12.890513160000001,0,31389,1956,24230,0.05,14.39,0.0005,23229,0.27649837732315063,,
12.830903139999998,0,31451,1960,24279,0.05,14.3,0.0005,23278,0.4302445948123932,,
12.720877069999998,0,31497,1964,24315,0.05,14.19,0.0005,23314,0.46678951382637024,,
13.04594559,0,31595,1968,24392,0.05,14.53,0.0005,23391,0.7203840017318726,,
12.766809790000002,0,31675,1972,24456,0.05,14.23,0.0005,23455,0.5996364951133728,,
12.647690620000002,0,31722,1976,24493,0.05,14.1,0.0005,23492,0.41586461663246155,,
12.613697210000003,0,31812,1980,24564,0.05,14.12,0.0005,23563,0.5642191171646118,,
12.44795145,0,31870,1984,24610,0.05,13.98,0.0005,23609,0.2725856900215149,,
12.747173179999997,0,31952,1988,24675,0.05,14.27,0.0005,23674,0.591583788394928,,
13.002845510000002,0,32052,1992,24754,0.05,14.53,0.0005,23753,0.7990909814834595,,
13.095300770000001,0,32115,1996,24803,0.05,14.62,0.0005,23802,0.36745208501815796,,
13.36288192,0,32192,2000,24864,0.05,14.83,0.0005,23863,0.5884774923324585,,
13.504163590000001,0,32260,2004,24918,0.05,14.97,0.0005,23917,0.1787712723016739,,
13.23027328,0,32346,2008,24986,0.05,14.72,0.0005,23985,1.0604788064956665,,
,,,,25000,0.05,,0.0005,23999,0.5009106993675232,10.0228668,11.2
12.867043740000002,0,32545,2012,25023,0.05,14.37,0.0005,24022,0.7156509160995483,,
13.065101219999999,0,32652,2016,25108,0.05,14.51,0.0005,24107,0.09658307582139969,,
13.04027513,0,32718,2020,25160,0.05,14.49,0.0005,24159,0.3871876299381256,,
12.97106722,0,32784,2024,25212,0.05,14.43,0.0005,24211,0.9338825345039368,,
13.111525189999998,0,32868,2028,25278,0.05,14.58,0.0005,24277,0.9289349913597107,,
12.789698060000001,0,32931,2032,25328,0.05,14.29,0.0005,24327,0.9146066904067993,,
12.79864395,0,32994,2036,25378,0.05,14.28,0.0005,24377,0.6169037818908691,,
12.2372807,0,33029,2040,25405,0.05,13.72,0.0005,24404,0.8301455974578857,,
12.371406590000001,0,33101,2044,25462,0.05,13.86,0.0005,24461,0.9059897065162659,,
12.501123230000003,0,33173,2048,25519,0.05,13.97,0.0005,24518,0.7971310019493103,,
12.620066920000001,0,33278,2052,25602,0.05,14.14,0.0005,24601,0.6439236402511597,,
12.893907729999999,0,33366,2056,25672,0.05,14.42,0.0005,24671,0.8459203839302063,,
12.973492709999999,0,33439,2060,25729,0.05,14.5,0.0005,24728,0.8205865025520325,,
13.12087331,0,33506,2064,25782,0.05,14.67,0.0005,24781,0.9799818992614746,,
13.019961520000003,0,33593,2068,25851,0.05,14.59,0.0005,24850,0.4224700331687927,,
12.875920200000003,0,33654,2072,25899,0.05,14.43,0.0005,24898,0.4109470248222351,,
13.132247969999998,0,33737,2076,25964,0.05,14.71,0.0005,24963,0.46859756112098694,,
12.97190038,0,33803,2080,26016,0.05,14.52,0.0005,25015,0.38789474964141846,,
13.250551259999998,0,33901,2084,26094,0.05,14.84,0.0005,25093,0.4737439453601837,,
13.365558279999998,0,34009,2088,26179,0.05,15.04,0.0005,25178,0.8987056016921997,,
12.938650569999998,0,34052,2092,26213,0.05,14.59,0.0005,25212,1.021550178527832,,
12.898962239999998,0,34109,2096,26258,0.05,14.55,0.0005,25257,0.5772073864936829,,
12.71473211,0,34167,2100,26304,0.05,14.4,0.0005,25303,0.5040987730026245,,
12.747191659999999,0,34244,2104,26365,0.05,14.47,0.0005,25364,0.5954959392547607,,
12.8372591,0,34336,2108,26438,0.05,14.52,0.0005,25437,0.3858315646648407,,
13.098022520000002,0,34415,2112,26501,0.05,14.78,0.0005,25500,0.4353625178337097,,
12.862838130000002,0,34489,2116,26559,0.05,14.51,0.0005,25558,0.5781018137931824,,
13.0431687,0,34577,2120,26629,0.05,14.69,0.0005,25628,0.945396363735199,,
13.248346640000001,0,34673,2124,26705,0.05,14.93,0.0005,25704,0.5845171213150024,,
13.15467223,0,34743,2128,26760,0.05,14.82,0.0005,25759,0.30088961124420166,,
13.161850889999998,0,34805,2132,26809,0.05,14.81,0.0005,25808,0.2853552997112274,,
13.37945661,0,34895,2136,26880,0.05,15.02,0.0005,25879,0.45898500084877014,,
13.80094342,0,34982,2140,26949,0.05,15.44,0.0005,25948,0.520780086517334,,
13.938872849999997,0,35077,2144,27024,0.05,15.62,0.0005,26023,0.7026028633117676,,
13.938941389999998,0,35151,2148,27082,0.05,15.63,0.0005,26081,0.696854829788208,,
13.745208869999999,0,35226,2152,27142,0.05,15.4,0.0005,26141,0.6017491817474365,,
13.614896800000002,0,35297,2156,27198,0.05,15.26,0.0005,26197,0.6402685046195984,,
13.64244476,0,35372,2160,27257,0.05,15.28,0.0005,26256,0.642846941947937,,
13.948883600000004,0,35475,2164,27338,0.05,15.56,0.0005,26337,0.4503444731235504,,
14.26632135,0,35606,2168,27442,0.05,15.91,0.0005,26441,0.17110544443130493,,
14.13834364,0,35651,2172,27478,0.05,15.79,0.0005,26477,0.2878597378730774,,
13.971297270000003,0,35710,2176,27524,0.05,15.6,0.0005,26523,0.2722647190093994,,
14.16822682,0,35800,2180,27595,0.05,15.79,0.0005,26594,1.251855492591858,,
13.80330135,0,35848,2184,27633,0.05,15.39,0.0005,26632,0.38954561948776245,,
13.56214434,0,35914,2188,27685,0.05,15.06,0.0005,26684,0.5613054037094116,,
13.82130678,0,35991,2192,27746,0.05,15.33,0.0005,26745,0.6387416124343872,,
13.966201899999996,0,36065,2196,27805,0.05,15.47,0.0005,26804,0.4340384304523468,,
14.107827659999998,0,36141,2200,27865,0.05,15.61,0.0005,26864,0.28651610016822815,,
14.299933059999999,0,36243,2204,27946,0.05,15.81,0.0005,26945,0.25006142258644104,,
14.17329907,0,36324,2208,28010,0.05,15.72,0.0005,27009,1.1705926656723022,,
14.289109550000001,0,36419,2212,28085,0.05,15.84,0.0005,27084,0.5612650513648987,,
14.04249818,0,36465,2216,28121,0.05,15.62,0.0005,27120,0.32693159580230713,,
14.037697020000003,0,36552,2220,28190,0.05,15.61,0.0005,27189,0.5427418351173401,,
14.00894894,0,36647,2224,28265,0.05,15.6,0.0005,27264,0.7212280631065369,,
14.20886354,0,36746,2228,28343,0.05,15.83,0.0005,27342,0.3063681721687317,,
14.49602954,0,36847,2232,28423,0.05,16.14,0.0005,27422,0.7846675515174866,,
14.24410187,0,36907,2236,28470,0.05,15.9,0.0005,27469,0.3854389488697052,,
14.05933406,0,36971,2240,28521,0.05,15.72,0.0005,27520,0.7770641446113586,,
14.271514559999998,0,37092,2244,28616,0.05,15.92,0.0005,27615,0.7794779539108276,,
14.189148920000003,0,37155,2248,28666,0.05,15.84,0.0005,27665,0.6185979247093201,,
13.987737150000001,0,37203,2252,28704,0.05,15.62,0.0005,27703,0.4015589654445648,,
14.092808179999999,0,37288,2256,28771,0.05,15.73,0.0005,27770,0.8773065805435181,,
14.008054099999999,0,37353,2260,28822,0.05,15.65,0.0005,27821,0.476956844329834,,
13.576728810000002,0,37401,2264,28860,0.05,15.22,0.0005,27859,0.2940956950187683,,
13.1687875,0,37472,2268,28916,0.05,14.74,0.0005,27915,0.5916169285774231,,
13.558603080000001,0,37568,2272,28992,0.05,15.14,0.0005,27991,0.5466675758361816,,
13.62897624,0,37637,2276,29047,0.05,15.23,0.0005,28046,0.28996360301971436,,
13.49843353,0,37711,2280,29105,0.05,15.1,0.0005,28104,0.7440800070762634,,
13.62745129,0,37773,2284,29154,0.05,15.21,0.0005,28153,0.6228768229484558,,
13.642098639999999,0,37844,2288,29210,0.05,15.25,0.0005,28209,0.5558817386627197,,
13.697997370000001,0,37929,2292,29277,0.05,15.31,0.0005,28276,0.6905694007873535,,
13.657365760000003,0,38000,2296,29333,0.05,15.28,0.0005,28332,0.34950920939445496,,
13.75545273,0,38083,2300,29399,0.05,15.34,0.0005,28398,0.7934622764587402,,
13.4471127,0,38140,2304,29444,0.05,14.98,0.0005,28443,0.6156219840049744,,
13.590158259999999,0,38237,2308,29520,0.05,15.1,0.0005,28519,0.5346922874450684,,
13.48067959,0,38318,2312,29584,0.05,14.99,0.0005,28583,0.26962268352508545,,
13.858515109999995,0,38409,2316,29656,0.05,15.35,0.0005,28655,1.1602314710617065,,
13.63064116,0,38467,2320,29702,0.05,15.12,0.0005,28701,0.5019810199737549,,
13.382701880000003,0,38524,2324,29747,0.05,14.82,0.0005,28746,0.45515182614326477,,
13.2268585,0,38608,2328,29813,0.05,14.7,0.0005,28812,0.7308841347694397,,
13.257376150000002,0,38709,2332,29893,0.05,14.7,0.0005,28892,0.6293423175811768,,
13.653188290000001,0,38815,2336,29977,0.05,15.07,0.0005,28976,0.5780953764915466,,
,,,,30000,0.05,,0.0005,28999,1.0773082971572876,11.938959800000001,13.0
13.657576469999999,0,39056,2340,30027,0.05,15.06,0.0005,29026,0.36296507716178894,,
13.423264709999998,0,39140,2344,30094,0.05,14.78,0.0005,29093,0.4992445409297943,,
13.637495500000002,0,39234,2348,30168,0.05,15.02,0.0005,29167,0.723609447479248,,
13.75814359,0,39299,2352,30220,0.05,15.16,0.0005,29219,0.5023571848869324,,
13.86108004,0,39395,2356,30296,0.05,15.25,0.0005,29295,0.30499565601348877,,
13.785608079999998,0,39454,2360,30343,0.05,15.21,0.0005,29342,0.531296968460083,,
13.82562593,0,39510,2364,30387,0.05,15.27,0.0005,29386,0.297027587890625,,
13.76421383,0,39575,2368,30438,0.05,15.22,0.0005,29437,0.6111271977424622,,
13.492754569999999,0,39636,2372,30486,0.05,14.94,0.0005,29485,1.497880220413208,,
13.334744299999997,0,39685,2376,30525,0.05,14.78,0.0005,29524,0.3725890815258026,,
13.2631283,0,39749,2380,30575,0.05,14.7,0.0005,29574,0.46078187227249146,,
13.541635820000002,0,39852,2384,30657,0.05,15.03,0.0005,29656,0.7453626394271851,,
13.38760035,0,39900,2388,30695,0.05,14.85,0.0005,29694,0.2139798104763031,,
13.306028739999999,0,39975,2392,30754,0.05,14.77,0.0005,29753,0.42268115282058716,,
13.25234981,0,40041,2396,30806,0.05,14.73,0.0005,29805,0.7326797246932983,,
13.232818450000002,0,40125,2400,30873,0.05,14.74,0.0005,29872,0.3829583525657654,,
13.23528204,0,40186,2404,30921,0.05,14.77,0.0005,29920,0.49618497490882874,,
13.08435022,0,40261,2408,30981,0.05,14.61,0.0005,29980,0.6122559309005737,,
12.828343980000005,0,40309,2412,31019,0.05,14.35,0.0005,30018,0.49951720237731934,,
12.50725206,0,40360,2416,31059,0.05,14.03,0.0005,30058,0.42838433384895325,,
12.483932419999997,0,40417,2420,31104,0.05,14.02,0.0005,30103,0.571807861328125,,
12.73504971,0,40507,2424,31175,0.05,14.28,0.0005,30174,0.8811487555503845,,
13.064510650000003,0,40627,2428,31270,0.05,14.57,0.0005,30269,0.8104734420776367,,
12.73895719,0,40686,2432,31317,0.05,14.24,0.0005,30316,0.40478789806365967,,
12.558921889999999,0,40773,2436,31385,0.05,14.08,0.0005,30384,0.7368168830871582,,
12.577695729999999,0,40839,2440,31437,0.05,14.1,0.0005,30436,0.8440074920654297,,
12.64965768,0,40936,2444,31513,0.05,14.19,0.0005,30512,0.5220178961753845,,
12.808284130000002,0,41045,2448,31600,0.05,14.32,0.0005,30599,0.5317770838737488,,
12.840361580000001,0,41114,2452,31654,0.05,14.34,0.0005,30653,0.5414832234382629,,
12.63591479,0,41186,2456,31711,0.05,14.15,0.0005,30710,0.3951711654663086,,
12.656858580000003,0,41243,2460,31756,0.05,14.13,0.0005,30755,0.46538329124450684,,
13.06136211,0,41348,2464,31839,0.05,14.52,0.0005,30838,0.6452867984771729,,
13.20096439,0,41429,2468,31904,0.05,14.66,0.0005,30903,0.29239627718925476,,
13.123912579999999,0,41481,2472,31945,0.05,14.59,0.0005,30944,0.351579487323761,,
13.429700720000001,0,41575,2476,32019,0.05,14.94,0.0005,31018,0.5327271223068237,,
13.544669650000001,0,41653,2480,32080,0.05,15.05,0.0005,31079,0.5904817581176758,,
13.48464401,0,41742,2484,32150,0.05,14.93,0.0005,31149,0.5850580930709839,,
13.860742249999998,0,41837,2488,32226,0.05,15.31,0.0005,31225,0.48380541801452637,,
13.811689840000001,0,41905,2492,32279,0.05,15.25,0.0005,31278,0.3728190064430237,,
13.913024479999997,0,41983,2496,32341,0.05,15.35,0.0005,31340,0.3924728035926819,,
13.846093300000001,0,42059,2500,32401,0.05,15.28,0.0005,31400,0.32057708501815796,,
14.068953950000001,0,42147,2504,32470,0.05,15.49,0.0005,31469,0.7808256149291992,,
14.1878229,0,42238,2508,32542,0.05,15.61,0.0005,31541,0.5167948007583618,,
14.72217562,0,42353,2512,32633,0.05,16.14,0.0005,31632,0.25728973746299744,,
14.85006293,0,42421,2516,32686,0.05,16.27,0.0005,31685,0.48649537563323975,,
15.04403849,0,42499,2520,32748,0.05,16.44,0.0005,31747,0.1895129531621933,,
14.894765419999999,0,42569,2524,32803,0.05,16.28,0.0005,31802,0.7359538674354553,,
14.71320009,0,42662,2528,32877,0.05,16.07,0.0005,31876,0.5017094612121582,,
14.766744210000002,0,42731,2532,32931,0.05,16.14,0.0005,31930,0.8195736408233643,,
14.948896390000002,0,42843,2536,33020,0.05,16.35,0.0005,32019,0.6352105140686035,,
15.078405300000002,0,42930,2540,33089,0.05,16.52,0.0005,32088,0.8408702611923218,,
14.803688710000001,0,42994,2544,33139,0.05,16.26,0.0005,32138,0.30355674028396606,,
14.416692840000001,0,43054,2548,33187,0.05,15.87,0.0005,32186,0.30802425742149353,,
14.536185090000004,0,43137,2552,33253,0.05,15.99,0.0005,32252,0.33509549498558044,,
14.786775550000002,0,43239,2556,33333,0.05,16.22,0.0005,32332,0.2552679479122162,,
14.82868464,0,43301,2560,33382,0.05,16.26,0.0005,32381,0.5286732912063599,,
14.461003219999998,0,43358,2564,33427,0.05,15.88,0.0005,32426,0.278360515832901,,
14.721547829999999,0,43473,2568,33518,0.05,16.14,0.0005,32517,1.1031407117843628,,
14.798336810000002,0,43534,2572,33566,0.05,16.21,0.0005,32565,0.36947038769721985,,
14.960560320000003,0,43640,2576,33651,0.05,16.32,0.0005,32650,0.2896902859210968,,
14.95180783,0,43717,2580,33712,0.05,16.32,0.0005,32711,0.6532670259475708,,
14.94519609,0,43808,2584,33784,0.05,16.34,0.0005,32783,0.40324607491493225,,
14.74980305,0,43880,2588,33841,0.05,16.15,0.0005,32840,0.5767684578895569,,
14.88392105,0,43963,2592,33907,0.05,16.28,0.0005,32906,0.39073824882507324,,
15.079501529999998,0,44066,2596,33988,0.05,16.47,0.0005,32987,0.5178237557411194,,
15.520638219999997,0,44205,2600,34098,0.05,16.97,0.0005,33097,0.5911120176315308,,
15.397221049999999,0,44273,2604,34152,0.05,16.82,0.0005,33151,0.4945175349712372,,
15.251210079999998,0,44343,2608,34208,0.05,16.66,0.0005,33207,0.8249391913414001,,
15.094307880000004,0,44442,2612,34286,0.05,16.53,0.0005,33285,0.2707509994506836,,
15.409742640000001,0,44548,2616,34370,0.05,16.84,0.0005,33369,0.49066993594169617,,
15.416932699999997,0,44629,2620,34434,0.05,16.86,0.0005,33433,0.33836647868156433,,
15.49380056,0,44709,2624,34497,0.05,16.94,0.0005,33496,0.11514182388782501,,
15.277845460000002,0,44776,2628,34550,0.05,16.73,0.0005,33549,0.6508681774139404,,
15.45882566,0,44865,2632,34621,0.05,16.9,0.0005,33620,0.3248167335987091,,
15.367296929999998,0,44965,2636,34700,0.05,16.8,0.0005,33699,0.2664681077003479,,
15.283227440000001,0,45036,2640,34756,0.05,16.67,0.0005,33755,0.5268701910972595,,
15.405638040000003,0,45110,2644,34815,0.05,16.76,0.0005,33814,0.6575760841369629,,
15.652236460000001,0,45207,2648,34891,0.05,17.04,0.0005,33890,0.6312972903251648,,
15.428853520000002,0,45261,2652,34934,0.05,16.81,0.0005,33933,0.7163346409797668,,
15.21101593,0,45340,2656,34996,0.05,16.63,0.0005,33995,1.0081121921539307,,
,,,,35000,0.05,,0.0005,33999,0.6474512219429016,16.8364694,17.9
15.324322830000002,0,45657,2660,35055,0.05,16.73,0.0005,34054,0.4743765592575073,,
15.526715180000002,0,45741,2664,35121,0.05,16.94,0.0005,34120,0.2573918402194977,,
15.30240734,0,45827,2668,35189,0.05,16.71,0.0005,34188,0.7054006457328796,,
15.568215559999999,0,45921,2672,35263,0.05,16.97,0.0005,34262,0.29178091883659363,,
15.2080898,0,45983,2676,35312,0.05,16.61,0.0005,34311,1.0251826047897339,,
14.99255461,0,46031,2680,35350,0.05,16.38,0.0005,34349,0.8793818950653076,,
14.849836710000002,0,46103,2684,35407,0.05,16.23,0.0005,34406,0.5670427083969116,,
14.850123520000002,0,46176,2688,35465,0.05,16.24,0.0005,34464,0.3805210292339325,,
14.7858491,0,46253,2692,35525,0.05,16.18,0.0005,34524,0.7469780445098877,,
14.61294269,0,46334,2696,35590,0.05,16.02,0.0005,34589,0.17230361700057983,,
14.194711999999999,0,46415,2700,35654,0.05,15.56,0.0005,34653,0.3192051351070404,,
14.2902659,0,46496,2704,35718,0.05,15.66,0.0005,34717,0.3854534327983856,,
14.190056129999995,0,46556,2708,35765,0.05,15.57,0.0005,34764,0.4484093189239502,,
13.926192729999999,0,46619,2712,35815,0.05,15.29,0.0005,34814,0.6418650150299072,,
13.903128069999998,0,46727,2716,35900,0.05,15.3,0.0005,34899,0.7080256342887878,,
13.885396909999999,0,46805,2720,35962,0.05,15.28,0.0005,34961,0.5299921631813049,,
14.200235010000002,0,46924,2724,36056,0.05,15.59,0.0005,35055,0.5688663125038147,,
14.447826829999999,0,47020,2728,36132,0.05,15.82,0.0005,35131,0.24005280435085297,,
14.37510837,0,47103,2732,36197,0.05,15.76,0.0005,35196,0.7189626693725586,,
14.225715490000002,0,47181,2736,36259,0.05,15.59,0.0005,35258,0.440784215927124,,
14.204605140000002,0,47249,2740,36313,0.05,15.57,0.0005,35312,0.5051201581954956,,
14.015991890000002,0,47300,2744,36353,0.05,15.38,0.0005,35352,0.4853828549385071,,
13.905406990000003,0,47379,2748,36415,0.05,15.24,0.0005,35414,0.6809001564979553,,
13.955156200000003,0,47440,2752,36463,0.05,15.29,0.0005,35462,0.5927198529243469,,
13.794865549999999,0,47494,2756,36506,0.05,15.1,0.0005,35505,0.2956697344779968,,
13.780123289999999,0,47570,2760,36566,0.05,15.11,0.0005,35565,1.1222028732299805,,
13.81284837,0,47657,2764,36635,0.05,15.14,0.0005,35634,0.35083234310150146,,
13.79199542,0,47743,2768,36703,0.05,15.14,0.0005,35702,0.18961836397647858,,
13.83980349,0,47843,2772,36782,0.05,15.19,0.0005,35781,0.41570591926574707,,
13.898666119999998,0,47914,2776,36838,0.05,15.26,0.0005,35837,0.8004469871520996,,
14.287612059999997,0,48013,2780,36916,0.05,15.66,0.0005,35915,0.5155103802680969,,
13.925675759999999,0,48037,2784,36935,0.05,15.28,0.0005,35934,0.597470760345459,,
14.235275319999998,0,48149,2788,37023,0.05,15.58,0.0005,36022,0.4642077684402466,,
14.234143420000002,0,48224,2792,37083,0.05,15.58,0.0005,36082,0.5474075078964233,,
14.09082418,0,48285,2796,37131,0.05,15.41,0.0005,36130,0.4027711749076843,,
13.913024740000001,0,48341,2800,37175,0.05,15.21,0.0005,36174,1.0420292615890503,,
13.903929269999999,0,48421,2804,37239,0.05,15.21,0.0005,36238,0.3559948801994324,,
13.92931369,0,48484,2808,37288,0.05,15.23,0.0005,36287,0.3889557719230652,,
13.99925113,0,48554,2812,37344,0.05,15.29,0.0005,36343,0.6465123891830444,,
13.76227003,0,48628,2816,37402,0.05,15.02,0.0005,36401,0.7334973812103271,,
13.76186274,0,48706,2820,37464,0.05,15.02,0.0005,36463,0.258160799741745,,
13.455860290000002,0,48785,2824,37526,0.05,14.7,0.0005,36525,0.7727429270744324,,
13.58736287,0,48898,2828,37615,0.05,14.83,0.0005,36614,0.6731052398681641,,
13.518047380000002,0,48970,2832,37672,0.05,14.75,0.0005,36671,0.20933794975280762,,
13.616728799999999,0,49058,2836,37741,0.05,14.82,0.0005,36740,0.6217610836029053,,
13.8450725,0,49155,2840,37818,0.05,15.05,0.0005,36817,0.5133270025253296,,
13.964662279999997,0,49221,2844,37870,0.05,15.17,0.0005,36869,0.2993558943271637,,
14.340100410000002,0,49350,2848,37972,0.05,15.57,0.0005,36971,0.5554158687591553,,
14.36243328,0,49416,2852,38024,0.05,15.61,0.0005,37023,0.5995674729347229,,
14.39882248,0,49477,2856,38072,0.05,15.66,0.0005,37071,0.5450246930122375,,
14.646401720000002,0,49582,2860,38155,0.05,15.89,0.0005,37154,0.4139295518398285,,
14.696105079999997,0,49680,2864,38232,0.05,15.97,0.0005,37231,0.3593761622905731,,
14.56805781,0,49748,2868,38286,0.05,15.83,0.0005,37285,0.7447398900985718,,
14.239948450000002,0,49806,2872,38332,0.05,15.5,0.0005,37331,0.4641167223453522,,
14.301025760000002,0,49886,2876,38395,0.05,15.57,0.0005,37394,0.2426910102367401,,
14.114076279999999,0,49962,2880,38455,0.05,15.39,0.0005,37454,0.4404308497905731,,
14.493069630000003,0,50036,2884,38513,0.05,15.78,0.0005,37512,0.35570645332336426,,
14.54394331,0,50150,2888,38604,0.05,15.81,0.0005,37603,0.5101454854011536,,
14.39669695,0,50206,2892,38648,0.05,15.65,0.0005,37647,0.3937322795391083,,
14.525953110000003,0,50284,2896,38710,0.05,15.79,0.0005,37709,0.4473031163215637,,
14.418611950000003,0,50325,2900,38742,0.05,15.67,0.0005,37741,0.4286554753780365,,
14.324645409999999,0,50396,2904,38798,0.05,15.59,0.0005,37797,0.36670681834220886,,
14.404120950000001,0,50469,2908,38856,0.05,15.68,0.0005,37855,0.719382107257843,,
14.666206410000003,0,50573,2912,38938,0.05,15.94,0.0005,37937,0.6522698402404785,,
14.986112989999997,0,50689,2916,39030,0.05,16.28,0.0005,38029,0.3143252730369568,,
15.231201549999998,0,50797,2920,39116,0.05,16.52,0.0005,38115,0.2482113093137741,,
15.301125500000001,0,50888,2924,39188,0.05,16.62,0.0005,38187,0.44616538286209106,,
15.06290509,0,50972,2928,39254,0.05,16.39,0.0005,38253,0.9452067613601685,,
15.184982379999997,0,51058,2932,39322,0.05,16.5,0.0005,38321,0.8530936241149902,,
15.214117199999999,0,51151,2936,39395,0.05,16.54,0.0005,38394,0.5024043321609497,,
15.169197860000002,0,51242,2940,39467,0.05,16.49,0.0005,38466,0.5331725478172302,,
15.39467612,0,51335,2944,39541,0.05,16.71,0.0005,38540,0.2687397003173828,,
14.93351836,0,51402,2948,39594,0.05,16.22,0.0005,38593,0.7002313733100891,,
15.13766512,0,51493,2952,39665,0.05,16.41,0.0005,38664,0.482782781124115,,
15.56018973,0,51604,2956,39753,0.05,16.81,0.0005,38752,0.666310727596283,,
15.324367619999999,0,51680,2960,39813,0.05,16.58,0.0005,38812,0.4817020297050476,,
15.411512559999997,0,51787,2964,39898,0.05,16.66,0.0005,38897,0.4924074709415436,,
15.402464289999998,0,51852,2968,39949,0.05,16.63,0.0005,38948,0.2875674068927765,,
,,,,40000,0.05,,0.0005,38999,0.388555109500885,16.42416,17.7
15.49919606,0,52165,2972,40007,0.05,16.75,0.0005,39006,0.6074747443199158,,
15.430565780000002,0,52232,2976,40060,0.05,16.65,0.0005,39059,0.5532090663909912,,
15.53275478,0,52318,2980,40128,0.05,16.73,0.0005,39127,0.32745563983917236,,
15.269691469999998,0,52358,2984,40159,0.05,16.46,0.0005,39158,0.3689133822917938,,
14.928173199999998,0,52431,2988,40217,0.05,16.13,0.0005,39216,0.727878749370575,,
14.997385780000002,0,52497,2992,40269,0.05,16.21,0.0005,39268,0.41657716035842896,,
15.032351479999997,0,52580,2996,40334,0.05,16.24,0.0005,39333,0.46247047185897827,,
15.247143909999998,0,52648,3000,40388,0.05,16.46,0.0005,39387,0.5323695540428162,,
15.370309399999996,0,52731,3004,40454,0.05,16.56,0.0005,39453,0.6617759466171265,,
15.407509439999998,0,52810,3008,40517,0.05,16.61,0.0005,39516,0.4645901024341583,,
15.24568539,0,52893,3012,40583,0.05,16.45,0.0005,39582,0.7119206786155701,,
15.231613580000003,0,53008,3016,40673,0.05,16.43,0.0005,39672,0.2881564497947693,,
15.238673670000003,0,53120,3020,40762,0.05,16.46,0.0005,39761,0.9156796932220459,,
15.05015259,0,53184,3024,40813,0.05,16.25,0.0005,39812,0.5428352355957031,,
14.998998530000003,0,53260,3028,40873,0.05,16.19,0.0005,39872,0.24403269588947296,,
14.79385894,0,53322,3032,40922,0.05,16.0,0.0005,39921,0.5967329740524292,,
14.860650120000003,0,53422,3036,41001,0.05,16.06,0.0005,40000,0.7563912272453308,,
14.874340149999998,0,53516,3040,41075,0.05,16.08,0.0005,40074,0.642992377281189,,
14.765364669999999,0,53598,3044,41140,0.05,15.99,0.0005,40139,0.32083234190940857,,
14.94951123,0,53689,3048,41212,0.05,16.18,0.0005,40211,0.43959841132164,,
14.87425441,0,53769,3052,41275,0.05,16.1,0.0005,40274,0.5716738700866699,,
14.843383520000001,0,53880,3056,41363,0.05,16.1,0.0005,40362,0.5855404138565063,,
14.925097880000001,0,53968,3060,41432,0.05,16.19,0.0005,40431,0.604119062423706,,
14.8459454,0,54061,3064,41506,0.05,16.08,0.0005,40505,0.48160985112190247,,
14.9789844,0,54144,3068,41572,0.05,16.23,0.0005,40571,0.38146501779556274,,
14.69596366,0,54180,3072,41600,0.05,15.93,0.0005,40599,0.28495267033576965,,
14.915751990000004,0,54279,3076,41679,0.05,16.19,0.0005,40678,0.4000401496887207,,
15.012556280000002,0,54375,3080,41755,0.05,16.27,0.0005,40754,0.32948189973831177,,
15.363539789999999,0,54462,3084,41823,0.05,16.64,0.0005,40822,0.3623269200325012,,
15.275110499999998,0,54524,3088,41872,0.05,16.55,0.0005,40871,0.5639206767082214,,
15.76267451,0,54650,3092,41972,0.05,17.03,0.0005,40971,0.2176811248064041,,
15.72909618,0,54727,3096,42033,0.05,16.99,0.0005,41032,0.5263215899467468,,
15.652261680000002,0,54785,3100,42079,0.05,16.91,0.0005,41078,0.20423004031181335,,
15.65918858,0,54869,3104,42146,0.05,16.92,0.0005,41145,0.1454850137233734,,
16.2704858,0,55020,3108,42265,0.05,17.48,0.0005,41264,0.12812745571136475,,
16.16023599,0,55088,3112,42319,0.05,17.36,0.0005,41318,0.5090621709823608,,
15.784207590000001,0,55153,3116,42370,0.05,16.97,0.0005,41369,1.2107774019241333,,
15.69235855,0,55253,3120,42449,0.05,16.87,0.0005,41448,0.26710405945777893,,
15.8752398,0,55341,3124,42519,0.05,17.06,0.0005,41518,0.11885501444339752,,
15.65659351,0,55390,3128,42558,0.05,16.85,0.0005,41557,0.6261230707168579,,
15.905814839999998,0,55484,3132,42632,0.05,17.1,0.0005,41631,0.2579043209552765,,
15.711563669999999,0,55560,3136,42692,0.05,16.91,0.0005,41691,0.5910167694091797,,
15.81496999,0,55670,3140,42779,0.05,17.04,0.0005,41778,0.26995375752449036,,
15.7728884,0,55744,3144,42838,0.05,16.98,0.0005,41837,0.44730833172798157,,
15.701034960000001,0,55824,3148,42901,0.05,16.89,0.0005,41900,0.6672888398170471,,
15.794948119999999,0,55915,3152,42972,0.05,16.97,0.0005,41971,0.8120489716529846,,
15.625242149999998,0,56002,3156,43041,0.05,16.78,0.0005,42040,0.2124166339635849,,
15.604715669999997,0,56084,3160,43106,0.05,16.74,0.0005,42105,0.6482033729553223,,
15.59432627,0,56178,3164,43181,0.05,16.75,0.0005,42180,0.6573041081428528,,
15.490070199999998,0,56248,3168,43236,0.05,16.64,0.0005,42235,0.5557492971420288,,
15.54522938,0,56291,3172,43270,0.05,16.7,0.0005,42269,0.5836129784584045,,
15.652677169999999,0,56399,3176,43356,0.05,16.77,0.0005,42355,0.7340757846832275,,
15.54524502,0,56484,3180,43423,0.05,16.68,0.0005,42422,0.3527233898639679,,
15.817486409999999,0,56600,3184,43515,0.05,16.92,0.0005,42514,0.35030055046081543,,
15.96611105,0,56684,3188,43582,0.05,17.1,0.0005,42581,0.2812066078186035,,
15.61415583,0,56766,3192,43647,0.05,16.75,0.0005,42646,0.10663159191608429,,
15.88134253,0,56877,3196,43734,0.05,17.01,0.0005,42733,0.2618556618690491,,
16.10380916,0,56963,3200,43802,0.05,17.23,0.0005,42801,0.642278790473938,,
16.307424049999998,0,57073,3204,43889,0.05,17.43,0.0005,42888,0.6863559484481812,,
15.604661909999999,0,57139,3208,43941,0.05,16.76,0.0005,42940,0.3466692268848419,,
15.851976229999998,0,57239,3212,44020,0.05,17.01,0.0005,43019,0.2281779944896698,,
16.092429579999997,0,57334,3216,44095,0.05,17.25,0.0005,43094,0.5059025287628174,,
16.009130189999997,0,57423,3220,44166,0.05,17.17,0.0005,43165,0.5769238471984863,,
15.766565059999998,0,57481,3224,44212,0.05,16.93,0.0005,43211,0.5646727681159973,,
16.02238401,0,57568,3228,44280,0.05,17.22,0.0005,43279,0.438250869512558,,
16.1263197,0,57674,3232,44365,0.05,17.33,0.0005,43364,0.15591107308864594,,
16.08646377,0,57744,3236,44420,0.05,17.28,0.0005,43419,0.42611077427864075,,
15.513839780000001,0,57779,3240,44447,0.05,16.68,0.0005,43446,1.04231595993042,,
15.699275669999999,0,57875,3244,44523,0.05,16.85,0.0005,43522,0.5281674861907959,,
15.57469461,0,57941,3248,44575,0.05,16.74,0.0005,43574,0.7818808555603027,,
15.532276770000001,0,58027,3252,44643,0.05,16.71,0.0005,43642,0.38954704999923706,,
15.406098740000003,0,58100,3256,44701,0.05,16.6,0.0005,43700,0.43502315878868103,,
15.32831267,0,58173,3260,44759,0.05,16.53,0.0005,43758,0.5497878193855286,,
15.222352919999999,0,58253,3264,44822,0.05,16.41,0.0005,43821,0.6313918828964233,,
15.28097452,0,58330,3268,44883,0.05,16.47,0.0005,43882,0.4656822085380554,,
15.893516980000005,0,58447,3272,44975,0.05,17.05,0.0005,43974,0.34677085280418396,,
,,,,45000,0.05,,0.0005,43999,0.39743900299072266,15.038779200000002,16.0
15.541849110000003,0,58727,3276,45026,0.05,16.7,0.0005,44025,0.6151463985443115,,
15.410423009999999,0,58797,3280,45081,0.05,16.58,0.0005,44080,0.6131885051727295,,
15.025019709999999,0,58868,3284,45137,0.05,16.22,0.0005,44136,0.45669758319854736,,
15.00185105,0,58946,3288,45199,0.05,16.17,0.0005,44198,0.6859275698661804,,
15.273283259999998,0,59061,3292,45290,0.05,16.43,0.0005,44289,0.39886003732681274,,
14.800657519999998,0,59112,3296,45330,0.05,15.96,0.0005,44329,0.19645386934280396,,
14.64130949,0,59177,3300,45382,0.05,15.8,0.0005,44381,0.5624595880508423,,
14.45866335,0,59267,3304,45453,0.05,15.64,0.0005,44452,0.4158230423927307,,
14.35737583,0,59319,3308,45494,0.05,15.53,0.0005,44493,0.7840938568115234,,
13.905756960000001,0,59362,3312,45528,0.05,15.08,0.0005,44527,0.3825879693031311,,
13.835740450000001,0,59453,3316,45600,0.05,15.05,0.0005,44599,0.7501091957092285,,
13.8856829,0,59546,3320,45673,0.05,15.07,0.0005,44672,0.7614625096321106,,
13.961759520000001,0,59613,3324,45726,0.05,15.14,0.0005,44725,0.2798093259334564,,
14.286047230000001,0,59737,3328,45824,0.05,15.44,0.0005,44823,0.27990081906318665,,
14.446306450000002,0,59862,3332,45923,0.05,15.58,0.0005,44922,0.4657894968986511,,
14.84235185,0,59984,3336,46019,0.05,15.99,0.0005,45018,0.8031456470489502,,
15.069725060000001,0,60047,3340,46069,0.05,16.22,0.0005,45068,0.3866577744483948,,
14.76318965,0,60107,3344,46116,0.05,15.93,0.0005,45115,0.40892669558525085,,
14.73412662,0,60169,3348,46165,0.05,15.9,0.0005,45164,0.7062569856643677,,
14.860368819999996,0,60271,3352,46245,0.05,16.02,0.0005,45244,0.08183905482292175,,
14.612725369999998,0,60310,3356,46276,0.05,15.75,0.0005,45275,0.46558257937431335,,
14.4973084,0,60369,3360,46322,0.05,15.63,0.0005,45321,0.8005750179290771,,
14.58949586,0,60464,3364,46398,0.05,15.76,0.0005,45397,0.5596892833709717,,
14.952377739999998,0,60586,3368,46494,0.05,16.11,0.0005,45493,0.4480981230735779,,
14.597068009999997,0,60659,3372,46552,0.05,15.77,0.0005,45551,0.7160543203353882,,
14.686848959999999,0,60733,3376,46611,0.05,15.85,0.0005,45610,0.4498472213745117,,
15.024268699999999,0,60844,3380,46699,0.05,16.18,0.0005,45698,0.4457007050514221,,
15.40832105,0,60965,3384,46795,0.05,16.58,0.0005,45794,0.4241110384464264,,
15.504013619999998,0,61054,3388,46865,0.05,16.66,0.0005,45864,0.25648584961891174,,
15.205358619999997,0,61132,3392,46927,0.05,16.37,0.0005,45926,0.7675718069076538,,
15.63827861,0,61235,3396,47009,0.05,16.79,0.0005,46008,0.3549698293209076,,
15.698648630000001,0,61312,3400,47069,0.05,16.87,0.0005,46068,0.4928605854511261,,
15.698451780000001,0,61399,3404,47138,0.05,16.85,0.0005,46137,0.41233959794044495,,
15.884498870000002,0,61477,3408,47200,0.05,17.06,0.0005,46199,0.41372960805892944,,
16.197062110000005,0,61559,3412,47265,0.05,17.37,0.0005,46264,0.23098653554916382,,
16.086835469999997,0,61631,3416,47322,0.05,17.22,0.0005,46321,0.21296897530555725,,
15.92052185,0,61707,3420,47382,0.05,17.09,0.0005,46381,0.41505196690559387,,
16.153529680000005,0,61801,3424,47457,0.05,17.31,0.0005,46456,0.2500959038734436,,
15.609810260000001,0,61855,3428,47499,0.05,16.75,0.0005,46498,0.12320556491613388,,
15.325518090000001,0,61944,3432,47570,0.05,16.47,0.0005,46569,0.07630951702594757,,
15.14127372,0,62041,3436,47647,0.05,16.28,0.0005,46646,0.6466542482376099,,
15.21697447,0,62113,3440,47703,0.05,16.34,0.0005,46702,0.2905181348323822,,
15.611410880000005,0,62223,3444,47790,0.05,16.74,0.0005,46789,0.41579240560531616,,
15.829626739999998,0,62312,3448,47860,0.05,16.95,0.0005,46859,0.5346989631652832,,
15.658774139999998,0,62394,3452,47925,0.05,16.8,0.0005,46924,0.30573850870132446,,
15.6368056,0,62431,3456,47954,0.05,16.78,0.0005,46953,0.3663627803325653,,
15.775069879999998,0,62508,3460,48015,0.05,16.93,0.0005,47014,0.49901068210601807,,
15.51510304,0,62567,3464,48062,0.05,16.64,0.0005,47061,0.7889097929000854,,
15.48510008,0,62685,3468,48154,0.05,16.6,0.0005,47153,0.5224936008453369,,
15.550218160000002,0,62767,3472,48219,0.05,16.67,0.0005,47218,0.44592219591140747,,
15.741567659999998,0,62867,3476,48298,0.05,16.87,0.0005,47297,0.3676570653915405,,
15.446763250000002,0,62944,3480,48359,0.05,16.6,0.0005,47358,0.3177763819694519,,
15.00274344,0,63005,3484,48407,0.05,16.12,0.0005,47406,0.3675503134727478,,
14.980322629999998,0,63091,3488,48475,0.05,16.1,0.0005,47474,0.6354342699050903,,
14.910172059999997,0,63161,3492,48530,0.05,16.03,0.0005,47529,0.30888602137565613,,
15.001226859999997,0,63281,3496,48625,0.05,16.16,0.0005,47624,0.42885005474090576,,
15.026774269999999,0,63359,3500,48687,0.05,16.18,0.0005,47686,0.3961687684059143,,
15.15325239,0,63462,3504,48768,0.05,16.3,0.0005,47767,0.5505702495574951,,
15.523996080000002,0,63583,3508,48864,0.05,16.64,0.0005,47863,0.6446784138679504,,
15.72660149,0,63691,3512,48949,0.05,16.84,0.0005,47948,0.2740459442138672,,
15.848242420000002,0,63783,3516,49022,0.05,17.0,0.0005,48021,0.5402670502662659,,
15.78444363,0,63849,3520,49074,0.05,16.92,0.0005,48073,0.5036944150924683,,
15.28289121,0,63882,3524,49100,0.05,16.43,0.0005,48099,0.16505731642246246,,
15.452074389999998,0,63958,3528,49160,0.05,16.61,0.0005,48159,0.392333060503006,,
15.50206008,0,64053,3532,49235,0.05,16.65,0.0005,48234,0.22005710005760193,,
15.31654724,0,64127,3536,49294,0.05,16.47,0.0005,48293,0.624554455280304,,
15.474506880000002,0,64224,3540,49371,0.05,16.68,0.0005,48370,0.4626287817955017,,
15.110943880000002,0,64286,3544,49420,0.05,16.3,0.0005,48419,0.39879655838012695,,
15.019172020000001,0,64368,3548,49485,0.05,16.25,0.0005,48484,0.2962636649608612,,
15.09458412,0,64458,3552,49556,0.05,16.31,0.0005,48555,0.45925724506378174,,
15.56497858,0,64554,3556,49632,0.05,16.78,0.0005,48631,0.9883092045783997,,
15.58922656,0,64639,3560,49699,0.05,16.84,0.0005,48698,0.6831842064857483,,
15.90617874,0,64738,3564,49777,0.05,17.15,0.0005,48776,0.588698148727417,,
15.56470335,0,64815,3568,49838,0.05,16.84,0.0005,48837,0.3882546126842499,,
15.570483419999999,0,64900,3572,49905,0.05,16.86,0.0005,48904,0.36669445037841797,,
15.65839771,0,65011,3576,49993,0.05,16.95,0.0005,48992,0.5761237144470215,,
,,,,50000,0.05,,0.0005,48999,0.21636849641799927,15.562614100000001,16.5
15.937446889999997,0,65342,3580,50079,0.05,17.2,0.0005,49078,0.6587730646133423,,
16.185252039999998,0,65435,3584,50152,0.05,17.45,0.0005,49151,0.3330881893634796,,
16.34308564,0,65542,3588,50237,0.05,17.62,0.0005,49236,0.9278018474578857,,
16.29706116,0,65606,3592,50288,0.05,17.58,0.0005,49287,0.4160447120666504,,
15.899959980000004,0,65675,3596,50342,0.05,17.17,0.0005,49341,0.5515028834342957,,
16.202826700000003,0,65787,3600,50431,0.05,17.44,0.0005,49430,0.2866465449333191,,
15.90043681,0,65855,3604,50485,0.05,17.17,0.0005,49484,0.7206302285194397,,
15.782013330000002,0,65963,3608,50570,0.05,17.06,0.0005,49569,0.17696435749530792,,
15.683586790000001,0,66061,3612,50647,0.05,16.98,0.0005,49646,0.4477013051509857,,
15.5979947,0,66138,3616,50708,0.05,16.86,0.0005,49707,0.3852887749671936,,
