#{"t_start": 1776079954.582204, "env_id": "highway-v0"}
r,l,t
10.635804,15,23.096838
4.79017,6,31.299095
18.202335,26,66.582839
13.475713,17,89.625464
5.540027,9,101.831626
2.594235,4,107.349142
13.003349,16,129.014746
6.59342,8,139.988712
5.649646,7,149.578801
21.059729,26,184.826685
4.367158,6,192.974127
5.204347,7,202.643404
12.193092,18,226.952706
23.198596,30,267.353127
18.446975,27,303.860521
13.41915,18,328.228176
3.195362,4,333.752821
5.089915,8,344.659724
22.602198,30,385.351577
2.401191,4,390.975366
22.083484,30,431.516767
10.02628,15,451.845287
11.750762,17,474.875206
9.543378,14,493.845362
7.571668,11,508.916839
6.053663,9,521.052421
7.788845,9,533.230201
3.196006,5,540.101203
5.535025,8,550.997973
15.809246,20,578.072466
14.820738,20,605.446825
1.598207,3,609.603232
12.011893,15,630.117144
6.557215,8,641.060078
22.701112,30,681.537938
3.255863,5,688.351512
11.3758,16,710.071056
9.121556,10,723.616826
3.199682,5,730.400843
21.136465,30,770.917646
9.616321,14,789.864491
18.234354,26,824.954595
3.758513,5,831.799402
11.000136,16,853.605642
0.925823,2,856.480724
2.757291,4,861.936483
3.850513,5,868.694812
23.198479,30,909.231805
1.958373,3,913.340254
5.685219,8,924.216191
10.955827,13,941.965016
1.278391,2,944.737959
16.401381,20,971.933377
14.983803,22,1001.919553
2.846591,5,1008.768726
6.974338,10,1022.379625
7.792278,9,1034.606634
23.824323,30,1075.800525
4.192062,6,1083.938625
19.545585,29,1123.030251
6.307199,10,1136.861898
10.534335,15,1157.450269
8.766123,11,1172.421849
3.562482,5,1179.260742
5.007568,7,1188.861727
6.75607,8,1199.866375
3.959047,5,1206.72547
4.754525,6,1214.955006
10.71679,13,1232.500642
1.278391,2,1235.316543
3.998183,6,1243.531969
4.176226,7,1253.119689
11.048742,14,1272.12775
6.68814,10,1285.691719
6.785492,9,1297.925838
16.02241,21,1326.473106
25.340759,30,1366.973553
22.148928,30,1404.492818
1.960209,3,1408.357668
4.756228,6,1416.035811
10.490027,14,1433.7391
24.199105,29,1470.237956
12.729342,16,1490.605532
4.59345,6,1498.246615
15.807809,20,1523.502263
22.517462,30,1561.506043
3.052236,5,1567.864573
15.61147,19,1592.200296
23.871567,30,1630.275202
6.794132,8,1640.507762
12.195997,14,1658.378763
1.958373,3,1662.182986
9.916227,15,1681.061587
11.070664,12,1696.208633
11.993847,14,1713.808371
7.311543,10,1726.472183
10.048324,13,1743.012949
16.601617,20,1768.305205
4.400026,6,1775.983472
9.761644,13,1792.394692
9.88623,14,1810.13676
8.361112,11,1824.096171
17.441939,25,1855.516433
2.757291,4,1860.642128
24.575368,30,1898.716811
13.347703,19,1922.646127
7.768392,11,1936.590694
12.194627,18,1959.301291
8.500305,12,1974.534132
9.178785,13,1990.819793
9.998154,12,2006.130136
5.525492,7,2015.053304
17.676292,24,2045.415262
23.951561,30,2083.367869
14.812634,17,2104.709635
6.752653,8,2114.806897
16.166733,19,2138.63645
12.22113,17,2160.037075
8.044894,11,2173.979005
24.635613,28,2209.04446
13.277831,17,2230.689846
19.226193,26,2263.220022
23.379777,30,2301.327604
4.957169,6,2309.060067
15.010087,18,2331.882998
3.959047,5,2338.263521
7.407984,9,2349.55148
10.408141,13,2366.040966
20.258955,25,2397.61425
18.982435,24,2427.865769
5.009404,7,2436.684243
8.492128,12,2452.066347
2.564214,4,2457.177978
6.903498,11,2471.097494
9.513543,12,2486.245495
2.566059,4,2491.31648
6.955322,8,2501.320124
8.129529,12,2516.581595
3.36719,5,2522.914608
3.731836,6,2530.493476
1.960209,3,2534.417189
3.197496,5,2540.815383
16.32787,21,2567.333576
1.764923,3,2571.165409
4.601082,6,2578.808055
6.324406,8,2588.875175
2.802861,4,2593.956281
5.372082,8,2604.125408
7.715773,9,2615.699247
11.956332,14,2633.383364
4.289789,7,2642.220999
7.320722,10,2654.849316
7.193645,9,2666.169759
1.960209,3,2670.022717
8.237697,10,2682.890122
1.960209,3,2686.725678
7.333322,11,2700.707738
9.845805,13,2717.192612
12.648742,14,2735.044108
5.955318,7,2743.782738
4.645635,7,2752.629344
7.985475,9,2764.171136
13.605716,16,2784.534938
3.36719,5,2790.97147
4.003463,6,2798.673702
1.882395,3,2802.532976
23.701156,30,2840.280558
5.596066,8,2850.368217
9.159643,11,2864.167217
4.964186,7,2873.14319
7.995109,10,2885.76256
6.959012,8,2895.954823
22.653546,28,2931.401636
5.955323,7,2940.324191
20.869658,30,2978.078048
15.889393,20,3003.364188
10.135539,14,3021.021006
3.558427,5,3027.41019
1.960209,3,3031.259894
22.496802,29,3068.113747
13.255703,18,3090.804257
1.960209,3,3094.659092
11.604972,14,3112.479459
6.756069,8,3122.658792
21.063673,27,3156.601021
19.225292,26,3189.407657
14.167144,17,3210.862378
6.953722,8,3220.963951
22.48627,30,3258.920493
5.65119,9,3270.225293
21.778677,30,3308.081334
3.792313,5,3314.425839
8.989009,13,3330.712547
3.974726,6,3338.311357
16.440475,19,3362.264175
1.001855,2,3364.906824
4.957168,6,3372.604216
8.878783,10,3385.223551
1.598207,3,3389.077019
6.436561,8,3399.135206
1.922265,3,3403.042201
6.71806,9,3414.508925
10.559435,12,3429.610641
2.568289,4,3434.683573
14.964694,17,3456.193682
4.001238,6,3463.90458
1.960209,3,3467.788327
22.695909,25,3499.575711
2.759115,4,3504.677637
2.399343,4,3509.76338
10.61197,15,3528.792567
18.941369,24,3559.331206
4.049837,6,3566.978596
6.591205,8,3576.979607
6.239422,8,3587.05286
5.959013,7,3595.965079
5.556379,7,3604.879214
1.276554,2,3607.511199
17.683415,21,3634.124692
1.196243,2,3636.692654
9.885203,13,3653.105325
3.957201,5,3659.415585
2.996627,4,3664.508485
7.910942,11,3678.288974
2.164773,4,3683.449326
2.727273,5,3689.733083
12.82457,18,3712.542475
3.20231,5,3718.921226
5.362626,7,3727.884292
0.966017,2,3730.533868
1.655784,3,3734.435657
8.203349,10,3747.137098
19.270207,25,3778.661247
4.119965,5,3785.101792
3.957206,5,3791.473542
8.603111,11,3805.37591
1.960209,3,3809.196881
6.957162,8,3819.494518
17.956924,25,3851.14974
18.044513,22,3878.927775
4.208009,7,3887.819025
16.447774,20,3913.108031
9.710954,14,3930.698563
9.574348,13,3947.163934
8.765354,11,3961.082047
5.321508,8,3971.319494
9.882884,14,3989.014013
13.899136,19,4012.989152
6.658689,10,4025.589395
12.092237,16,4045.988011
1.960209,3,4049.871078
6.204843,8,4059.999
14.813669,18,4082.771774
2.566054,4,4087.934067
2.131758,4,4093.038783
2.563432,4,4098.173432
12.692078,17,4119.782149
17.240282,24,4149.908271
4.685264,7,4158.765544
1.121128,2,4161.400255
13.20256,16,4181.655564
24.060609,30,4219.833143
9.923229,13,4236.210902
17.665753,24,4266.548774
23.380617,30,4304.473742
3.760353,5,4310.851098
3.20231,5,4317.224327
10.555388,12,4332.579579
13.358502,15,4351.635105
18.004629,20,4376.995474
11.936002,17,4398.262548
6.561555,9,4409.558525
10.211467,14,4427.372391
2.284091,4,4432.461387
20.887962,30,4470.590514
24.138551,30,4508.653424
1.196243,2,4511.285078
14.181609,20,4536.615538
3.892333,6,4544.244597
7.199433,10,4556.93259
6.159681,8,4567.063503
17.411435,22,4594.704725
15.173541,19,4618.88327
4.52635,7,4627.898596
7.656393,9,4639.342835
21.260681,25,4670.971664
3.922714,5,4677.398795
1.598207,3,4681.217728
10.284437,13,4697.74526
7.88107,10,4710.504675
8.756068,10,4723.34198
3.996348,6,4730.944974
19.042116,27,4765.251795
23.060624,30,4802.924849
21.05106,30,4841.535193
2.248884,4,4846.641054
6.957171,8,4856.723784
13.027284,18,4879.878181
6.591205,8,4890.042287
11.37053,16,4910.314765
17.442671,20,4935.654337
16.079104,20,4961.15698
3.202327,5,4967.447556
3.198221,5,4973.754436
6.559055,8,4983.887865
8.383302,12,4999.055554
14.004349,16,5019.425528
5.539767,8,5029.58817
7.079323,8,5039.762456
26.565391,30,5077.808726
8.796629,13,5094.204976
6.955576,8,5104.387249
3.558406,5,5110.729978
15.839667,23,5140.234312
17.330624,22,5167.779406
5.925041,7,5176.774402
20.592417,28,5212.274002
1.717164,3,5216.159732
24.141953,30,5254.444557
8.082586,11,5268.33476
1.598207,3,5272.214763
2.959217,4,5277.388658
14.768748,17,5298.883322
5.360786,7,5307.72034
8.353071,10,5320.577821
11.060036,16,5340.859873
18.774876,24,5371.400864
7.756085,9,5382.837042
22.791459,30,5420.9149
7.20049,10,5433.599826
6.599222,8,5443.784001
13.353267,19,5467.715276
11.338342,15,5486.73513
3.959047,5,5493.146664
6.807525,9,5504.596778
7.442946,9,5516.107042
1.960209,3,5519.985716
17.391434,25,5551.351588
20.571645,30,5589.05626
1.960209,3,5592.987261
15.071128,18,5615.643487
8.004493,10,5628.298446
8.988419,11,5642.244442
5.396537,7,5651.218749
3.082992,5,5657.547213
11.457015,17,5678.914663
3.957198,5,5685.287024
7.807781,11,5699.203717
13.209542,16,5719.488423
8.620999,13,5735.899306
4.170562,6,5743.499776
12.904783,18,5766.417185
11.189899,13,5782.902888
14.072398,16,5803.098587
14.153964,16,5823.368632
8.756445,10,5836.018868
5.959013,7,5844.891803
6.957167,8,5855.062056
17.060511,25,5886.728662
16.772283,21,5913.425101
19.349941,22,5941.159544
2.759115,4,5946.370787
6.957162,8,5956.537925
1.767153,3,5960.384765
2.564214,4,5965.499477
10.200904,12,5980.770237
10.844776,14,5998.529691
3.959047,5,6004.886975
4.959018,6,6012.47814
7.252578,10,6025.042869
6.353095,8,6035.145906
7.879496,9,6046.628811
3.200102,5,6053.090166
3.255823,5,6059.438868
8.367372,10,6072.15641
20.856822,30,6110.309381
11.559468,13,6126.77082
2.757267,4,6131.853363
25.203831,30,6169.621177
8.756061,10,6182.367658
5.19551,7,6191.270261
16.051645,20,6216.744458
1.960209,3,6220.546831
14.817055,20,6245.692446
9.990774,13,6262.351222
3.758123,5,6268.6255
16.809603,20,6293.816852
1.958373,3,6297.741183
3.959047,5,6304.101028
2.959217,4,6309.325552
4.595303,6,6316.926803
8.33353,12,6332.162959
5.685633,8,6342.315477
4.165699,6,6349.922176
25.638981,30,6387.915331
23.951695,26,6420.819619
11.485219,14,6599.018815
4.364794,6,6606.616071
3.050021,5,6612.92012
19.057694,26,6645.592058
5.847739,8,6655.769069
6.352358,8,6665.808456
3.052985,5,6672.245486
2.959217,4,6677.36909
7.003749,9,6688.84299
17.936657,23,6717.763028
10.95946,14,6735.443112
7.374008,11,6749.387221
4.957168,6,6757.013019
17.747465,19,6780.931965
12.056095,15,6799.777839
1.650349,3,6803.68662
7.350961,9,6815.114637
1.958373,3,6818.960665
3.526191,6,6826.510351
20.104417,28,6861.85653
10.332838,15,6880.863832
7.228462,11,6894.829666
18.502289,25,6926.261875
20.250791,24,6956.659367
9.879853,13,6972.998396
9.388768,11,6986.955422
24.283337,30,7024.537569
4.788699,6,7032.177019
10.561577,14,7049.899538
9.723206,12,7064.921768
6.170464,9,7076.340904
7.357594,9,7087.620565
20.888398,26,7120.41203
4.239537,6,7128.089672
1.598207,3,7131.899158
13.446228,17,7153.496366
10.56049,13,7169.984043
3.759547,6,7177.639481
8.955321,10,7190.250286
3.760353,5,7196.635672
9.942247,13,7212.935875
15.280391,18,7235.632648
6.756502,8,7245.830083
1.597429,3,7249.739476
7.045278,10,7262.496758
14.447008,19,7286.594774
8.955324,10,7299.329904
2.757291,4,7304.500781
12.448458,17,7325.754599
6.955977,9,7337.113178
5.99785,8,7347.244158
2.045455,4,7352.355555
9.952716,12,7367.740728
5.647915,7,7376.671605
4.559254,6,7384.313762
3.20048,5,7390.618599
8.261412,11,7404.759385
7.057846,9,7416.206624
1.602273,3,7420.076814
10.566992,14,7437.743764
11.219201,15,7456.634242
6.560445,8,7466.811725
6.958203,9,7478.166721
1.925144,3,7481.99128
14.356572,18,7504.626575
13.127666,17,7526.287891
4.2772,5,7532.691213
25.974175,30,7570.771755
24.860255,30,7608.185587
16.958762,19,7632.212581
3.314156,5,7638.556205
12.968641,16,7658.748991
10.857562,14,7676.560161
12.239291,15,7695.545448
16.825913,23,7724.660327
2.959217,4,7729.740345
14.552045,16,7749.748284
8.35649,10,7762.436357
8.920462,10,7775.155992
2.757291,4,7780.282164
13.342694,16,7800.437225
9.761141,11,7814.225922
14.149492,20,7839.64059
5.847413,7,7848.460003
4.293372,7,7857.407562
1.767153,3,7861.320508
14.134801,19,7885.147786
13.999889,16,7905.324592
15.714116,22,7933.264312
4.790531,6,7940.912672
13.606216,16,7961.119804
16.722455,24,7991.428483
27.078456,30,8029.59045
8.381531,11,8043.551594
5.088852,8,8053.615286
6.397762,8,8063.77999
1.482955,3,8067.726562
7.16028,9,8079.021368
5.883122,8,8089.137683
14.102969,19,8113.006282
8.760149,10,8125.668768
5.273759,6,8133.28378
6.394175,8,8143.42552
16.923411,21,8169.971939
12.654835,17,8191.518072
4.795321,7,8200.414591
13.557847,15,8219.363567
8.52437,12,8234.308832
7.682208,10,8246.889473
13.71362,15,8265.892552
4.356944,6,8273.495015
6.798967,9,8284.842212
4.361383,6,8292.544637
1.767153,3,8296.383702
2.959217,4,8301.532387
19.963417,22,8329.680421
12.554501,14,8347.523495
6.792282,8,8357.698507
8.758347,11,8371.636711
9.481496,12,8386.77615
8.760149,10,8399.506018
6.290356,9,8410.925888
4.921493,7,8419.694668
15.614187,19,8443.794976
9.557178,11,8457.742841
15.756457,17,8479.145565
21.234243,27,8513.299166
7.598078,10,8525.870892
12.96703,15,8544.883528
13.595516,15,8563.804921
2.955271,4,8568.903921
8.765956,10,8581.505969
7.396434,9,8593.169854
4.001601,6,8600.814297
4.952393,6,8608.456055
5.760155,7,8617.441898
2.957371,4,8622.600317
15.205871,18,8645.638329
10.809175,13,8661.884355
3.407514,5,8668.244704
6.882929,9,8679.706857
23.338635,28,8714.940224
11.751838,13,8731.614194
6.157082,8,8741.712278
4.758343,6,8749.302393
4.156123,6,8757.014315
7.918624,9,8768.477238
6.202398,9,8779.938522
12.275232,14,8797.548265
3.555776,5,8803.9591
11.161375,14,8821.692213
8.149484,10,8834.515652
5.957167,7,8843.439265
12.212627,16,8863.760807
8.119706,9,8875.20861
16.951874,18,8897.858691
9.588275,11,8911.889246
21.758885,25,8943.311496
2.959217,4,8948.421483
13.006121,17,8970.078207
6.765956,8,8980.232366
4.756104,6,8987.878075
2.794337,4,8992.997048
8.559473,10,9005.723181
10.124672,12,9021.143283
10.94979,12,9036.31177
7.566559,9,9047.653086
5.683399,8,9057.799832
11.40309,14,9075.507715
8.209039,11,9089.455659
4.875426,6,9097.105748
8.804695,11,9111.081367
16.556994,19,9134.938045
6.955584,8,9145.061302
4.924628,6,9152.670981
3.994728,5,9159.037302
8.790651,11,9172.857379
3.555801,5,9179.227367
12.16619,15,9198.262545
6.687362,10,9210.892195
8.957162,10,9223.558899
5.758473,7,9232.438648
15.955852,22,9260.307202
1.960209,3,9264.18755
7.400864,9,9275.654034
25.445152,28,9310.848804
1.960209,3,9314.725796
2.957377,4,9319.819629
4.522693,6,9327.438895
11.083994,13,9343.835271
9.929401,13,9360.172415
3.957198,5,9366.549533
2.957371,4,9371.715806
18.348853,20,9397.202763
15.176244,18,9419.885972
6.882929,9,9431.345575
4.955582,6,9438.97755
0.854167,2,9441.540428
3.959047,5,9447.937305
12.645783,16,9468.160732
23.349265,30,9505.831738
2.959217,4,9510.906097
12.209384,16,9530.8982
3.558406,5,9537.200299
3.054121,4,9542.332727
10.589346,12,9557.550506
8.556428,10,9570.225564
1.124008,2,9572.806109
12.756457,14,9590.395432
19.05004,28,9625.392749
9.273498,10,9637.987002
1.124008,2,9640.646227
13.201576,17,9662.35695
23.596952,26,9695.134869
9.394555,11,9709.103211
9.760149,11,9723.083173
14.050113,18,9746.026687
1.960209,3,9749.923962
2.563432,4,9754.996652
12.609012,15,9773.935995
9.957162,11,9787.938769
11.256683,14,9805.47177
4.798283,7,9814.439801
12.398508,14,9832.207592
12.967441,16,9852.38541
2.397471,4,9857.396102
9.531436,14,9875.128263
7.953316,10,9887.722617
4.755157,6,9895.310211
2.41598,4,9900.390219
9.959012,11,9914.209949
10.200445,12,9929.577635
13.153717,15,9948.670637
13.457949,18,9971.298485
6.733065,10,9983.826102
1.960209,3,9987.695107
12.651213,16,10007.77101
2.761346,4,10012.882394
8.595269,10,10025.710595
5.07836,6,10033.298922
9.726702,13,10049.655897
1.960209,3,10053.535336
1.960209,3,10057.371841
9.404546,11,10071.279909
1.958373,3,10075.142487
24.106786,30,10112.976192
3.277229,4,10118.094765
4.208268,6,10125.756817
9.360186,11,10139.847039
7.955057,9,10151.342369
12.054113,13,10167.780721
6.192713,8,10177.903292
5.118223,6,10185.61541
7.32855,9,10197.005023
7.050149,8,10207.143207
7.959012,9,10218.38848
3.784084,5,10224.753528
3.957201,5,10231.144347
4.955332,6,10238.818921
6.054113,7,10247.730106
12.587224,14,10265.408767
4.758343,6,10273.038048
12.135286,15,10292.166701
6.124524,8,10302.340965
3.758507,5,10308.763153
14.551683,16,10328.997291
10.356479,12,10344.177952
6.837738,9,10355.497622
27.708434,30,10393.42507
8.873423,10,10406.127713
12.549558,14,10424.002064
12.196685,15,10442.858535
1.598207,3,10446.722234
2.959217,4,10451.829711
1.795329,3,10455.654876
12.561285,14,10473.4006
8.119969,9,10484.695606
4.556633,6,10492.275042
8.556723,10,10504.840121
6.756079,8,10515.045835
4.957177,6,10522.641782
18.434536,20,10547.969193
26.346351,28,10583.166218
3.121578,4,10588.285971
11.32653,15,10607.192464
6.557245,8,10617.310945
23.164571,27,10651.509647
4.754291,6,10659.228272
2.959217,4,10664.392448
5.957172,7,10673.116673
11.767072,15,10692.130553
10.271384,11,10705.976183
8.901793,12,10721.03689
0.966017,2,10723.569904
3.959047,5,10729.899842
9.763601,12,10745.117234
6.55925,8,10755.259908
7.752493,9,10766.743291
11.802283,14,10784.511837
12.953474,14,10802.153584
15.819635,18,10824.955251
6.757919,8,10835.046994
14.956077,20,10860.427687
2.566059,4,10865.491238
3.074464,4,10870.64035
11.362427,13,10887.006884
13.951882,15,10906.168448
10.756711,12,10921.390572
12.583672,14,10939.082982
6.362456,8,10949.191386
17.155495,19,10973.172609
0.966017,2,10975.814048
8.756194,10,10988.450238
22.306747,29,11025.232079
12.520992,15,11044.22543
11.652431,13,11060.767492
14.203482,16,11081.11393
11.712021,14,11098.83756
24.680071,29,11135.435622
12.670966,14,11153.045695
5.559084,7,11161.927266
1.960209,3,11165.922695
19.238461,27,11200.045865
4.959018,6,11207.591206
4.959018,6,11215.217075
5.953965,8,11225.312596
8.591184,10,11238.062437
7.198046,9,11249.452883
7.757919,9,11260.771826
3.758123,5,11267.088449
10.760149,12,11282.318836
9.19439,11,11296.160607
13.798071,15,11315.325177
2.757291,4,11320.418848
3.959047,5,11326.788125
16.600166,19,11350.917176
3.99276,5,11357.307245
12.769405,15,11376.200212
12.55519,14,11394.016916
4.965389,7,11402.890965
13.091886,17,11424.39942
6.455339,8,11434.46136
2.996627,4,11439.593286
22.148477,24,11470.046444
5.754246,7,11478.927943
8.083995,10,11491.571295
8.555997,11,11505.58604
10.155009,12,11520.869976
3.959047,5,11527.33688
6.279,8,11537.477603
5.156236,7,11546.381606
21.388089,23,11575.621769
3.955092,5,11582.050327
5.355114,7,11591.054958
4.554793,6,11598.621133
9.955322,11,11612.46164
9.79255,11,11626.446675
3.959047,5,11632.792629
21.511392,24,11662.961592
5.851494,8,11673.103705
3.560246,5,11679.466223
8.754753,11,11693.375674
8.608504,11,11707.309283
2.275553,3,11711.115202
12.559492,15,11730.163076
9.406133,11,11744.189673
15.753954,17,11765.667918
3.957198,5,11772.002984
12.014928,15,11791.106189
7.356084,9,11802.428414
12.959012,14,11820.205094
18.886095,23,11849.16536
14.924543,16,11869.446045
6.951363,8,11879.610449
11.978265,17,11901.213102
2.72405,4,11906.233234
7.595269,9,11917.675569
14.812937,18,11940.355467
21.177547,24,11970.59386
1.786234,3,11974.439241
11.106693,15,11993.321033
6.161527,8,12003.479776
11.955312,13,12020.239477
5.354336,7,12029.227933
12.953113,15,12048.254199
12.205147,15,12067.278171
3.560246,5,12073.641534
9.953208,11,12087.538398
8.884421,10,12100.105928
10.132138,14,12118.13084
18.92809,22,12145.959515
4.553193,6,12153.542971
11.91803,13,12170.057703
12.361913,16,12190.182737
13.15729,16,12210.420519
6.163762,8,12220.561239
13.611566,16,12241.105965
13.552158,16,12261.491825
2.399343,4,12266.641672
1.958373,3,12270.484013
4.132609,6,12278.125439
7.797891,10,12290.754428
14.066046,15,12309.833572
9.982792,12,12324.897906
9.389698,11,12338.930276
8.760149,10,12351.58996
2.564214,4,12356.670938
8.457522,10,12369.202431
3.959047,5,12375.548591
1.196243,2,12378.159867
2.604127,4,12383.211622
4.959018,6,12390.826634
11.203315,13,12407.201127
4.955589,6,12414.770097
5.398169,7,12423.669465
10.883299,13,12439.956705
8.402291,11,12453.813638
3.959047,5,12460.226425
4.959018,6,12467.883788
12.002255,14,12485.470765
8.760149,10,12498.198044
13.602545,18,12520.896264
12.354909,14,12538.471524
6.563946,9,12549.860244
4.199646,6,12557.477903
4.955582,6,12565.183661
5.006779,7,12574.05924
7.554588,9,12585.533189
19.077695,21,12612.115157
7.794132,9,12623.482357
19.950036,21,12650.245
4.964747,7,12659.164503
4.601317,7,12668.081195
3.197675,4,12673.242873
18.805467,21,12699.586499
21.597989,25,12731.105318
7.410692,11,12744.997624
1.985884,3,12748.802523
4.366203,6,12756.37077
17.753311,20,12781.659956
10.75476,13,12798.114091
10.467405,13,12814.528977
5.593863,8,12824.654933
12.348818,14,12842.427593
5.959013,7,12851.386137
24.753322,27,12885.507392
5.758304,7,12894.373454
9.420624,13,12910.743597
5.760155,7,12919.73123
8.354065,11,13074.785747
6.386133,8,13084.881727
6.756062,8,13095.098417
12.353068,14,13112.685394
9.792282,11,13126.542452
4.074294,5,13132.91656
13.761141,15,13151.917975
18.398636,21,13178.514209
3.959047,5,13184.873295
5.505838,7,13193.674487
11.447373,13,13210.125754
10.20728,12,13225.450581
7.959012,9,13236.787683
17.170043,22,13264.645528
4.853261,6,13272.288907
6.15625,8,13282.439381
29.746434,30,13320.613332
20.839969,22,13348.322346
6.072147,7,13357.202218
17.408331,22,13385.09165
2.957371,4,13390.245893
4.955581,6,13397.952206
15.562397,18,13420.976243
2.959217,4,13426.068036
11.756725,13,13442.47493
6.40799,8,13452.695417
13.955324,15,13471.418328
3.214067,5,13477.776531
10.11968,12,13493.019535
3.786305,5,13499.383898
3.957201,5,13505.759705
7.007445,9,13517.35873
10.957171,12,13532.63184
4.084144,5,13538.99773
6.758309,8,13549.057796
12.356227,14,13566.822652
16.755455,19,13590.903427
4.761147,6,13598.607307
16.244671,21,13625.18227
8.559055,10,13637.766409
23.884437,28,13673.30726
7.191839,8,13683.614357
19.683632,24,13713.963585
9.76451,12,13729.113641
12.198258,14,13746.67564
13.601058,15,13765.655087
25.265745,30,13803.476217
3.955349,5,13809.941014
3.595473,5,13816.292128
4.118689,5,13822.717853
20.351482,22,13850.37533
3.397602,5,13856.749941
3.99756,6,13864.285802
15.491926,20,13889.723181
9.466331,11,13903.74982
4.959018,6,13911.389755
4.959018,6,13919.053097
10.15473,12,13934.32138
6.955048,8,13944.488126
13.566667,17,13965.80955
6.957167,8,13975.860223
12.011081,15,13994.826694
2.959217,4,13999.893782
14.970973,19,14023.941068
3.957201,5,14030.39151
7.723581,11,14044.261968
8.761801,11,14058.171783
21.589726,23,14087.144781
1.960209,3,14090.992817
22.557849,24,14121.33096
18.39739,20,14146.76949
8.556496,10,14159.497115
5.959013,7,14168.281575
10.75212,12,14183.486741
7.917581,9,14194.89368
4.210486,6,14202.571077
19.355422,22,14230.517909
23.871771,30,14268.387142
3.765991,5,14274.683753
21.155788,23,14303.733404
21.689586,27,14338.106697
28.952006,30,14375.99763
5.967618,8,14386.097294
4.952937,6,14393.712246
10.851522,12,14408.843368
10.558351,12,14423.996097
2.957377,4,14429.151488
9.753271,11,14443.118344
4.050159,5,14449.460453
12.961611,15,14468.459525
8.491985,11,14482.619777
13.181086,15,14501.641026
7.564006,9,14513.123169
21.322455,25,14544.707718
13.352321,15,14563.510078
4.761147,6,14571.166409
21.963793,26,14604.098315
27.600568,30,14641.678063
4.559254,6,14649.242624
4.760184,6,14656.933665
10.95138,12,14672.082673
8.354387,10,14684.930269
8.798072,10,14697.607329
9.557219,11,14711.483589
14.286265,17,14733.156804
12.755306,15,14752.04293
14.238671,17,14773.606378
12.157038,14,14791.372332
4.758338,6,14798.928936
15.260296,19,14822.889712
3.959047,5,14829.234288
15.646633,19,14853.183462
18.957162,20,14878.352628
5.998914,7,14887.174385
6.953194,8,14897.217312
3.957198,5,14903.694809
4.966835,7,14912.610072
4.765962,6,14920.395182
6.676734,8,14930.460333
2.794337,4,14935.60095
21.793869,25,14967.173475
6.40799,8,14977.303725
4.957168,6,14984.883837
8.197649,9,14996.309253
8.560307,11,15010.240199
3.955094,5,15016.596588
19.744987,21,15043.181986
1.960209,3,15047.0745
7.928283,10,15059.522026
10.454651,13,15075.970164
10.985716,12,15091.179768
15.008034,17,15112.753207
4.752939,6,15120.4391
7.959012,9,15131.867315
6.004529,8,15141.900293
8.952921,10,15154.620113
9.959012,11,15168.573042
6.221538,9,15179.988967
6.756079,8,15190.097985
13.365703,15,15209.173351
14.955316,16,15229.206819
7.159721,9,15240.633954
12.009527,16,15261.132199
7.516704,9,15272.5705
3.275388,4,15277.66647
8.556428,10,15290.268624
3.959047,5,15296.630828
13.770118,17,15318.197347
5.172549,7,15327.087618
2.790567,4,15332.220421
3.756282,5,15338.74215
4.969463,7,15347.6811
10.205682,12,15363.019789
1.919462,3,15366.841909
3.959047,5,15373.181733
9.753964,11,15387.186859
6.556434,8,15397.353271
10.576112,15,15416.349381
2.397471,4,15421.402628
3.959047,5,15427.762545
4.983875,6,15435.387764
5.719748,7,15444.260687
9.611401,13,15460.593282
24.691523,30,15498.68043
10.559052,12,15513.982288
1.958373,3,15517.843597
12.550337,14,15535.49071
4.959018,6,15543.046513
9.395184,11,15556.913838
5.121548,6,15564.507168
3.92233,5,15570.866137
3.116677,4,15576.019885
9.280641,11,15590.095207
6.805791,9,15601.522009
1.960209,3,15605.337849
19.84919,21,15631.803283
10.959012,12,15646.998254
5.612204,8,15657.155416
9.753954,11,15670.959593
24.34525,26,15704.215625
3.957206,5,15710.554613
7.564862,9,15721.962558
19.946034,21,15748.415973
5.558215,7,15757.254274
6.559634,8,15767.383031
8.882852,11,15781.382041
27.754321,29,15818.380277
10.875388,12,15833.386687
9.002482,11,15847.471106
6.275348,7,15856.308758
7.369391,9,15867.623605
5.449378,7,15876.494147
16.786876,18,15899.104767
9.851162,11,15913.042634
11.951635,13,15929.509043
10.946841,12,15944.666642
10.191839,11,15958.566102
9.273498,10,15971.281895
15.754068,17,15992.882634
3.570642,5,15999.35245
9.556428,11,16013.219302
10.47522,12,16028.467349
22.358718,24,16058.679317
15.555337,17,16080.290062
8.810264,12,16095.367762
9.55115,11,16109.185757
8.248388,10,16121.93447
12.752113,14,16139.63802
13.969854,17,16161.111008
9.757918,11,16175.070515
15.957171,17,16196.41282
6.357593,8,16206.558061
7.118222,8,16216.729137
4.385327,6,16224.401562
16.269265,17,16245.814116
22.550337,24,16276.219171
14.044848,15,16295.011922
1.960209,3,16298.842553
9.959012,11,16312.737484
11.394645,13,16329.212101
8.95321,10,16341.869397
6.196644,8,16352.003716
10.956394,13,16368.430937
15.959012,17,16389.932911
13.555534,15,16408.961006
9.275353,10,16421.53234
16.358338,18,16444.090189
7.957162,9,16455.482329
9.052973,12,16470.62393
2.398565,4,16475.740042
8.955575,10,16488.464844
11.197011,13,16504.910008
7.959012,9,16516.371363
21.044219,23,16545.579342
4.554792,6,16553.191636
3.197675,4,16558.333786
9.251536,11,16572.212483
10.117591,11,16585.978181
2.959217,4,16591.143832
5.756084,7,16600.065024
3.996581,5,16606.374089
4.074285,5,16612.749476
9.945299,11,16626.637613
3.957201,5,16633.032308
1.985166,3,16636.853402
4.052269,5,16643.216105
2.955271,4,16648.312323
8.959012,10,16661.029563
7.159517,9,16672.520685
10.754345,12,16687.538336
8.75212,10,16700.088668
13.194251,15,16719.028897
11.253802,13,16735.371037
7.191898,8,16745.548762
8.206902,10,16758.152178
3.560252,5,16764.552197
5.955059,7,16773.449876
13.604362,16,16793.552273
5.920463,7,16802.375266
14.552715,16,16822.572584
3.955611,5,16828.904983
3.754707,5,16835.267838
12.19218,14,16852.848705
7.200555,9,16864.250922
15.957162,17,16885.521038
3.119459,4,16890.639709
5.957164,7,16899.534271
6.957162,8,16909.550538
15.75646,17,16931.107148
3.204545,5,16937.463772
4.363618,6,16945.048879
16.95161,18,16967.798309
2.955271,4,16972.962292
2.131758,4,16978.096532
3.587781,5,16984.42112
3.955092,5,16990.82799
4.959018,6,16998.466121
15.948413,18,17020.982861
6.593892,8,17031.141815
5.957172,7,17040.052561
13.356607,15,17058.955784
10.758308,12,17074.07846
10.883261,13,17090.567766
2.757291,4,17095.745029
5.275349,6,17103.491026
6.082166,8,17113.656684
9.957162,11,17127.568758
8.363372,10,17140.120348
5.957163,7,17149.091414
4.556633,6,17156.655148
1.960209,3,17160.482697
6.277194,7,17169.470796
12.953459,14,17186.940584
12.765956,14,17204.589995
10.955312,12,17219.833889
4.117481,6,17227.472181
14.662068,17,17248.941054
7.98759,9,17260.277822
29.748507,30,17298.197223
16.152085,18,17321.142167
12.847733,14,17338.757092
5.954721,8,17348.892407
10.557209,12,17364.007364
6.277194,7,17372.931515
15.564731,18,17395.575299
3.957201,5,17401.894515
9.487958,13,17418.280305
6.161527,8,17428.374679
11.794132,13,17444.806749
5.957172,7,17453.624154
4.957172,6,17461.338671
6.158899,8,17471.464203
5.959013,7,17480.294407
4.197653,5,17486.629025
13.264243,14,17504.515844
19.985116,22,17532.289418
8.9553,10,17544.976559
9.197649,10,17557.594924
11.959012,13,17573.913502
14.402947,16,17594.200463
17.559432,19,17618.045251
14.951095,16,17638.308785
9.957162,11,17652.350165
1.958373,3,17656.233893
10.845379,12,17671.37894
4.951896,6,17679.01659
16.197649,17,17700.384011
7.952922,9,17711.736982
12.007002,16,17731.946227
19.951071,21,17758.294451
19.15615,21,17784.760236
6.591185,8,17794.957772
25.76491,30,17832.734999
6.19368,7,17841.638641
27.758983,30,17879.601305
7.358935,9,17891.072082
12.873652,14,17908.665911
10.645186,12,17923.944025
14.955321,16,17944.177477
8.364437,11,17958.184595
2.403409,4,17963.325745
16.959012,18,17986.266295
22.756711,24,18016.582471
12.191834,13,18033.103307
10.892027,14,18050.762752
22.267666,23,18079.988754
5.952932,7,18088.997817
5.757924,7,18097.851379
2.959217,4,18102.958682
5.756074,7,18111.878436
5.756074,7,18120.703019
3.959047,5,18127.109216
18.922432,22,18154.681504
3.957201,5,18161.000663
15.9647,18,18183.732937
9.277194,10,18196.339233
4.959018,6,18204.041536
5.957164,7,18212.915895
10.554587,12,18228.136693
5.98759,7,18236.982173
6.557212,8,18247.031027
2.959217,4,18252.132711
13.054113,14,18269.961391
6.957171,8,18280.194175
26.05244,30,18318.277185
10.052267,11,18332.209077
9.877627,11,18346.067167
17.769681,22,18374.104013
2.983295,4,18379.278442
25.108039,26,18412.088523
11.953206,13,18428.853686
9.083971,11,18442.765132
5.197649,6,18450.423593
14.556428,16,18470.757683
3.758123,5,18477.12492
29.132851,30,18515.28788
24.290004,29,18552.089293
23.986784,30,18589.894066
22.111224,23,18619.063487
4.955332,6,18626.754425
25.945244,27,18660.678484
11.194569,13,18677.065174
13.795064,15,18696.037794
3.277229,4,18701.18718
5.959013,7,18710.007848
4.957169,6,18717.615257
13.951072,15,18736.593707
4.074559,5,18743.020019
16.753595,19,18767.044721
18.192358,19,18791.276727
12.729541,16,18811.491623
6.758465,8,18821.698076
10.959012,12,18836.824328
7.648439,9,18848.130389
15.985468,18,18870.855519
8.794132,10,18883.476481
15.944231,17,18904.966318
7.55721,9,18916.360787
8.720822,10,18929.119193
11.957162,13,18945.663167
20.881668,25,18977.600027
12.996931,14,18995.353394
9.118104,11,19009.343081
11.556428,13,19025.675075
21.746024,23,19054.760011
4.765962,6,19062.451199
4.959018,6,19070.166783
26.525165,30,19108.275035
16.191558,17,19129.902975
17.445216,19,19154.143633
6.591713,8,19164.094149
6.362456,8,19174.169379
2.989438,4,19179.284711
19.566968,22,19207.098753
4.794138,6,19214.726075
10.765831,13,19231.352817
15.514916,22,19259.065579
7.957166,9,19270.52752
15.954387,19,19294.699583
8.64662,10,19307.478358
3.959047,5,19313.833857
29.544002,30,19351.658977
12.680638,14,19369.338072
11.790167,13,19385.845991
4.96418,7,19394.739086
10.757918,12,19574.084109
28.562887,30,19611.962024
6.758337,8,19622.14061
13.957166,15,19641.085465
9.951631,11,19655.007833
12.799929,17,19676.688926
20.223159,22,19704.650965
20.11312,21,19731.59099
8.995122,11,19745.509402
9.957162,11,19759.435021
9.957171,11,19773.283181
9.959012,11,19787.077909
6.561291,8,19797.143054
10.959012,12,19812.328825
7.351244,9,19823.931719
3.959047,5,19830.248674
14.955324,16,19850.517607
11.121556,12,19865.751116
6.834319,9,19877.170944
11.757918,13,19893.632971
12.855483,14,19911.422316
3.959047,5,19917.751774
4.756104,6,19925.468265
3.05015,4,19930.61578
6.955316,8,19940.71866
24.419091,30,19978.59971
16.879467,18,20001.528251
18.946079,20,20026.863428
20.89021,25,20058.36536
7.764102,9,20069.725752
12.164774,15,20088.56729
3.959047,5,20094.985244
12.958909,16,20115.149941
11.753954,13,20131.705699
10.148196,12,20146.783396
20.56472,24,20177.165715
5.764111,7,20186.050474
14.354909,16,20206.338825
3.955092,5,20212.699585
23.032638,30,20250.926464
23.74206,25,20282.380166
7.957162,9,20293.792394
8.760149,10,20306.542198
6.959012,8,20316.799662
13.559049,15,20335.664222
13.882153,15,20354.595189
15.152908,17,20375.967748
3.957206,5,20382.476243
10.277194,11,20396.268367
27.869517,30,20434.306241
18.916626,20,20459.700045
14.550888,16,20479.791115
12.193684,13,20496.20702
10.98944,12,20511.3998
12.01329,14,20528.967957
15.544523,17,20550.648694
10.78925,12,20565.773147
4.757953,6,20573.359904
6.123406,7,20582.341517
4.2772,5,20588.675539
4.957168,6,20596.253654
10.957162,12,20611.489525
4.959018,6,20619.139914
20.553227,22,20646.761337
11.987594,13,20663.18703
8.756462,10,20675.758945
13.78446,15,20694.823834
5.123407,6,20702.402702
20.945821,22,20730.206068
19.193684,20,20755.679132
16.121556,17,20777.169861
8.957162,10,20789.812766
12.757918,14,20807.518627
5.757924,7,20816.365973
10.050158,11,20830.226068
7.955321,9,20841.602811
9.87276,11,20855.577742
8.757918,10,20868.272659
7.054113,8,20878.430793
21.957162,23,20907.665576
9.760973,12,20922.740029
6.76015,8,20932.9443
5.959013,7,20941.797469
24.959012,26,20974.693442
10.553543,13,20991.0603
10.9186,12,21006.122866
9.959012,11,21020.003109
16.995094,18,21042.550312
7.955048,9,21053.919412
11.985727,13,21070.213125
4.05059,5,21076.576747
4.959018,6,21084.134522
10.754481,12,21099.239025
16.161707,18,21121.927715
22.445261,25,21153.715514
10.957171,12,21168.914181
6.753955,8,21179.045532
18.752642,20,21204.218303
8.955048,10,21216.914985
25.143687,27,21251.068367
6.922312,8,21261.288046
4.957177,6,21268.971749
8.035208,10,21281.626712
2.959217,4,21286.711853
5.957172,7,21295.527719
5.955059,7,21304.34958
1.196243,2,21306.96417
7.195798,8,21317.039677
7.195803,8,21327.104869
12.953473,14,21344.895136
6.957167,8,21355.135653
15.459957,19,21379.062602
1.958373,3,21382.894591
5.275354,6,21390.547319
2.987592,4,21395.666783
5.955059,7,21404.578434
21.945556,23,21433.806861
18.351743,20,21458.87848
11.955058,13,21475.483188
11.959012,13,21492.005849
13.947387,15,21510.920178
17.19869,19,21534.831871
14.752747,16,21555.132013
8.723443,10,21567.722256
3.123424,4,21572.893038
6.955048,8,21582.962503
12.040365,13,21599.582728
8.360355,10,21612.399851
5.271928,6,21620.044052
3.560645,5,21626.471028
7.959012,9,21637.893642
6.271654,7,21646.890222
6.849495,8,21656.98473
10.559049,12,21672.135491
4.957172,6,21679.774224
13.549578,15,21698.768723
6.054113,7,21707.613693
7.957162,9,21718.964314
29.744274,30,21756.689441
7.957162,9,21768.111284
10.157634,12,21783.224924
9.918624,11,21797.19413
2.197804,3,21801.064971
8.951598,10,21813.650271
5.957163,7,21822.447679
17.52764,20,21847.755613
11.959012,13,21864.237686
5.586855,7,21873.161229
5.957163,7,21881.950783
23.948957,25,21913.787806
17.746269,19,21937.67501
4.959018,6,21945.183836
4.957172,6,21952.792812
9.120532,10,21965.486991
22.119969,23,21994.774964
26.561723,30,22032.946095
5.959013,7,22041.743229
3.202327,5,22048.123271
7.957171,9,22059.619281
18.983854,20,22084.793312
13.557205,15,22103.533756
7.400966,9,22114.912766
10.07833,11,22128.92398
4.195799,5,22135.233392
3.959047,5,22141.573052
13.959012,15,22160.592391
7.957162,9,22172.129474
18.959012,20,22197.254168
18.753787,21,22223.77529
14.953197,16,22244.025261
4.957177,6,22251.77493
13.717352,15,22270.770983
11.121556,12,22286.033865
16.191775,19,22309.818133
5.957172,7,22318.658184
9.277194,10,22331.474394
21.557205,23,22360.63038
16.957166,18,22383.54784
10.794132,12,22398.759241
12.996611,15,22417.686853
12.372746,16,22438.122236
15.610834,18,22460.919038
5.65153,7,22469.811951
12.951086,14,22487.317895
15.721709,17,22508.934491
11.957166,13,22525.447077
7.959012,9,22536.857034
23.748677,30,22574.43693
7.556429,9,22585.713624
11.955321,13,22602.017397
6.571735,9,22613.401947
9.556428,11,22627.28608
5.357763,7,22636.215897
3.795219,5,22642.538985
12.240813,15,22661.468992
8.957166,10,22674.215272
10.955312,12,22689.234563
5.957163,7,22698.118833
4.957177,6,22705.802807
5.955059,7,22714.627255
15.952921,17,22736.118279
8.161334,10,22748.761798
6.559055,8,22758.880793
10.561285,12,22774.07801
12.85155,14,22791.768707
12.556428,14,22809.419064
27.086518,30,22847.208116
8.130682,11,22861.077317
23.856616,25,22892.794607
17.137148,20,22917.880244
6.58907,8,22927.928491
18.962331,21,22954.379487
4.957168,6,22962.012809
4.953206,6,22969.644775
9.959012,11,22983.557474
13.995476,15,23002.520621
12.840532,15,23021.377151
16.831492,20,23046.682303
14.754227,16,23066.956627
12.750792,14,23084.726105
3.123424,4,23089.796295
10.949507,12,23105.014867
5.156936,7,23113.893594
3.959047,5,23120.321279
7.957162,9,23131.644651
7.153934,9,23143.119613
19.15354,21,23169.713983
21.99235,30,23207.565095
11.552958,13,23224.011129
3.959047,5,23230.339812
14.269253,15,23249.351797
3.959047,5,23255.670915
7.271636,8,23265.808907
7.208009,10,23278.397839
9.953462,11,23292.386479
6.959012,8,23302.454854
10.004166,12,23317.533587
15.15004,17,23339.000668
14.927578,19,23363.065443
22.964802,30,23400.851259
6.756079,8,23410.917586
10.959012,12,23426.085539
24.548751,26,23459.159185
24.758308,26,23491.968323
18.955312,20,23517.43292
18.959012,20,23542.596849
15.959012,17,23564.232413
14.949245,16,23584.448441
11.927097,15,23603.503798
5.197649,6,23611.072874
7.11866,8,23621.233931
12.219682,15,23640.139792
19.949218,21,23666.946951
1.960209,3,23670.780621
3.995977,6,23678.369583
27.958257,30,23716.044094
7.559225,9,23727.416983
6.077473,7,23736.254055
24.957171,26,23769.383728
18.749989,20,23794.515258
27.554229,30,23832.510185
17.957162,19,23856.388674
10.958375,13,23872.920817
4.275359,5,23879.371881
10.955316,12,23894.652595
4.27535,5,23901.061324
3.959047,5,23907.536284
3.758123,5,23913.903202
12.562306,14,23931.650304
6.054113,7,23940.466457
21.94923,23,23969.757215
3.790568,5,23976.112793
27.149559,29,24013.042605
3.959047,5,24019.380619
15.164827,19,24043.539977
9.164502,11,24057.459577
3.959047,5,24063.859897
6.957162,8,24073.995349
3.959047,5,24080.401097
3.957201,5,24086.818246
6.872761,8,24097.02403
10.957162,12,24112.239276
29.157834,30,24149.964985
12.756716,14,24167.78142
22.111778,24,24198.361645
15.388571,17,24219.841009
14.650196,16,24240.055829
17.987589,19,24263.96035
11.676517,13,24280.427482
21.123406,22,24308.116428
3.119459,4,24313.258659
7.788726,9,24324.670376
11.754341,13,24340.976769
10.36057,12,24356.169912
20.952921,22,24384.098656
4.054115,5,24390.442639
7.55905,9,24401.822144
19.951335,21,24428.183979
16.982014,18,24451.08752
10.952921,12,24466.124886
4.957177,6,24473.808675
16.953713,18,24496.500702
13.15963,15,24515.40784
24.550979,26,24548.474365
8.959012,10,24561.041039
3.786472,5,24567.421015
2.757291,4,24572.552671
6.556434,8,24582.673304
25.576438,30,24620.801809
12.004072,15,24639.718982
14.407983,16,24660.030348
4.564897,6,24667.637153
5.195804,6,24675.242229
11.765956,13,24691.801773
3.959047,5,24698.175014
13.951899,15,24716.973937
5.054113,6,24724.600902
13.161322,15,24743.521814
26.333692,30,24781.194663
15.952921,17,24802.715452
11.36403,14,24820.491035
4.11232,5,24826.907278
9.557199,11,24840.790937
10.252225,14,24858.397804
22.752636,30,24896.374545
3.123424,4,24901.482067
6.457524,8,24911.606632
17.354756,19,24935.485499
10.957162,12,24950.618325
17.946068,19,24974.682367
11.957162,13,24991.074962
13.720822,15,25010.014102
6.955575,8,25020.172938
3.558406,5,25026.551987
23.197767,25,25058.147038
7.955575,9,25069.411617
9.959012,11,25083.247093
3.955092,5,25089.598602
2.957371,4,25094.776993
7.957162,9,25106.288108
6.27323,7,25115.173004
22.761141,24,25145.463538
24.651141,30,25183.407939
22.108308,24,25213.964147
25.601679,28,25249.827997
2.403409,4,25254.872983
11.164803,14,25272.517543
10.957162,12,25287.630859
3.959047,5,25294.018326
9.955048,11,25307.932108
6.757919,8,25318.019706
29.943933,30,25355.736545
23.589482,25,25387.471204
29.555085,30,25425.423169
5.554613,7,25434.327753
4.19534,5,25440.803273
4.959018,6,25448.389447
9.161351,11,25462.238448
9.613636,13,25478.628986
29.943963,30,25516.557673
16.922697,18,25539.072123
14.959012,16,25559.22074
9.150539,11,25573.225896
15.074631,16,25593.382076
10.763982,13,25609.543053
4.957177,6,25617.175061
5.957172,7,25626.015111
4.874645,6,25633.604513
26.754087,28,25669.193274
9.204511,11,25683.107639
7.354915,9,25694.562971
4.957172,6,25702.243228
10.957162,12,25717.207699
6.756195,8,25727.389362
3.957198,5,25733.834959
15.550874,17,25755.262427
15.074035,16,25775.464442
23.273229,24,25806.055643
9.953206,11,25819.989486
11.953197,13,25836.377448
7.985477,9,25847.71583
16.523424,19,25871.806206
12.750233,14,25889.503709
10.356142,12,26052.206117
10.988874,12,26067.323869
8.959012,10,26079.969501
7.955048,9,26091.402254
8.765956,10,26103.993944
11.962458,14,26121.69778
9.955316,11,26135.641737
8.959012,10,26148.265133
9.681457,12,26163.321999
29.750881,30,26201.72395
5.959013,7,26210.66149
5.123407,6,26218.293395
4.801955,7,26227.19884
26.102025,30,26265.302366
20.352544,22,26293.139944
7.072392,8,26303.332606
0.985098,2,26305.987222
16.555354,18,26328.609769
4.559254,6,26336.266097
20.951344,22,26364.086089
5.756084,7,26372.952684
6.569108,9,26384.458302
8.980404,10,26397.170891
7.35135,10,26409.825856
10.754217,12,26425.158669
17.959012,19,26449.09874
16.957162,18,26471.739376
27.951084,30,26509.826813
5.197649,6,26517.405811
24.548881,27,26551.38794
11.996555,13,26567.769535
1.597429,3,26571.710971
8.807637,12,26586.903412
11.790531,13,26603.297832
2.054161,3,26607.201342
9.959012,11,26621.208223
8.556428,10,26633.762062
9.552474,11,26647.563335
14.363576,16,26667.838051
12.522457,14,26685.4463
23.385041,29,26721.980561
4.275359,5,26728.40675
14.955316,16,26748.675807
4.003188,5,26755.122671
24.549547,26,26787.912544
11.851169,13,26804.455849
8.351473,10,26817.140818
6.968301,9,26828.499896
8.35491,10,26841.062903
15.959928,18,26863.617213
17.959012,19,26887.738816
21.052267,22,26915.632852
8.9553,10,26928.313985
16.153502,18,26951.062987
1.884235,3,26954.901147
6.957171,8,26965.026847
6.593039,8,26975.169456
27.733847,30,27012.91229
3.959047,5,27019.27571
14.951344,16,27039.461435
17.277194,18,27062.237774
12.703888,15,27081.267149
12.957162,14,27098.954714
9.957176,12,27114.253417
8.959012,10,27126.967552
11.378222,13,27143.526436
12.374982,16,27163.793117
27.497206,30,27201.708465
12.607665,15,27220.653332
12.18972,13,27237.000541
9.655906,11,27250.835857
4.757953,6,27258.456091
8.94925,10,27271.174483
6.556434,8,27281.218431
4.959018,6,27288.879313
15.566775,19,27312.81164
5.076106,6,27320.398123
15.957166,17,27341.737326
5.957164,7,27350.62811
10.335212,14,27368.270792
17.650443,19,27392.189083
6.951361,8,27402.320685
2.957371,4,27407.488242
6.358376,8,27417.582935
6.376859,9,27429.07337
28.995097,30,27466.762734
8.647762,10,27479.548752
10.959012,12,27494.722056
5.959013,7,27503.54076
29.152029,30,27541.468186
29.942083,30,27579.520123
13.951083,15,27598.61806
22.776519,26,27631.181575
8.55905,10,27643.95675
4.957172,6,27651.527075
3.987566,5,27657.910398
9.80389,12,27673.130991
0.966017,2,27675.789632
5.957163,7,27684.614402
13.753951,15,27703.497582
6.959012,8,27713.502709
3.957206,5,27719.930201
11.881063,14,27737.653996
12.953208,14,27755.454678
7.959012,9,27766.816725
5.756084,7,27775.818543
11.756446,13,27792.371836
15.239847,17,27813.831132
5.957163,7,27822.724757
29.555321,30,27860.43964
11.954798,14,27878.198518
13.957171,15,27897.079548
18.047885,20,27922.548882
15.050676,16,27943.015512
19.478296,22,27970.844275
3.955092,5,27977.34018
12.64381,15,27996.319726
4.756228,6,28004.011481
25.337482,30,28041.962811
18.383606,20,28067.304045
5.271114,6,28074.876103
2.957377,4,28080.023305
12.754227,14,28097.58037
22.034639,28,28132.715982
15.992252,19,28156.616767
15.756068,17,28178.170467
6.052268,7,28187.112248
8.871186,10,28199.788248
7.959012,9,28211.21159
13.951092,15,28230.155168
22.956764,30,28268.522949
12.948969,14,28286.308385
15.911576,17,28307.94976
3.955611,5,28314.343489
7.556239,10,28327.015245
9.80432,11,28341.060155
25.556463,27,28375.138014
15.96759,18,28398.027571
6.756079,8,28408.173308
18.348818,20,28433.466222
9.556428,11,28447.277207
7.953473,9,28458.817021
14.153054,16,28479.175841
3.959047,5,28485.588633
26.06208,30,28523.805517
7.924543,9,28535.186266
8.721585,10,28547.789299
23.372774,27,28581.990931
8.957166,10,28594.656929
6.750547,8,28604.756515
12.760149,14,28622.528329
4.959018,6,28630.190851
13.948957,15,28648.982
7.957162,9,28660.299627
20.35068,22,28688.090233
1.764923,3,28691.955787
7.195798,8,28702.093788
4.957177,6,28709.76471
22.952921,24,28740.070176
13.382984,15,28759.18649
7.79971,10,28771.747778
29.543224,30,28809.522091
12.780438,14,28827.374705
29.543846,30,28865.621307
8.554578,10,28878.461032
13.3381,17,28899.848521
8.959012,10,28912.500617
20.454545,30,28950.476064
29.337192,30,28988.591748
3.214898,5,28994.94393
21.752219,23,29023.880923
22.756449,24,29054.181892
13.959012,15,29073.375798
12.412229,16,29093.615741
4.197653,5,29100.038776
4.955063,6,29107.641026
20.994091,23,29136.669468
26.431606,28,29172.106042
4.193495,5,29178.50146
26.996981,30,29216.799787
8.955328,10,29229.396252
6.327969,8,29239.688513
12.353068,14,29257.427769
8.609005,11,29271.280184
3.959047,5,29277.661602
5.076106,6,29285.274822
25.953202,27,29319.717544
13.951083,15,29338.734498
11.756068,13,29354.996745
21.851162,23,29384.034164
9.959012,11,29397.984769
10.957171,12,29413.23417
11.756068,13,29429.576089
8.761008,11,29443.355623
10.560214,12,29458.484654
5.957336,8,29468.689057
4.757953,6,29476.373141
7.756068,9,29487.763584
10.128259,13,29504.221193
7.757919,9,29515.649291
5.959013,7,29524.563493
17.02949,21,29551.043282
13.139004,16,29571.25297
12.875358,14,29589.196267
10.079323,11,29603.029365
1.960209,3,29606.873047
24.278632,30,29644.752826
8.957162,10,29657.398223
15.951874,17,29679.033063
11.759291,13,29695.441255
5.957167,7,29704.36363
2.275558,3,29708.260334
17.752487,19,29732.242217
12.363372,14,29749.85171
5.959013,7,29758.78574
20.877086,23,29787.950557
19.189504,20,29813.121464
27.524862,30,29851.218954
19.151067,21,29877.832069
5.355922,7,29886.730537
15.3565,17,29907.895074
6.589477,8,29918.067657
17.189707,18,29940.960242
12.197649,13,29957.289914
20.237687,22,29984.978776
27.117831,28,30020.103065
4.75401,6,30027.648435
9.959012,11,30041.589842
6.985181,8,30051.773085
29.356678,30,30089.523336
9.756068,11,30103.48666
4.005682,6,30111.183258
4.757953,6,30118.846731
5.765957,7,30127.821708
15.757918,17,30149.317298
9.277194,10,30161.9532
18.83508,22,30189.765804
3.959047,5,30196.170609
14.760149,16,30216.467456
15.648335,17,30238.030206
5.959013,7,30246.910766
6.049306,7,30255.921099
7.360577,9,30267.515254
1.960209,3,30271.410228
5.957164,7,30280.434712
4.557419,6,30288.152315
17.833171,24,30318.729706
14.554113,17,30340.409324
5.959013,7,30349.293239
4.957172,6,30356.924892
9.048006,10,30369.626168
9.959012,11,30383.517127
28.548538,30,30421.786155
26.943179,28,30457.248945
20.964002,24,30487.726486
29.34824,30,30525.40403
3.957206,5,30531.889682
24.714691,26,30564.749175
10.054113,11,30578.547402
1.960209,3,30582.455396
21.127817,30,30620.28415
17.969467,20,30645.337282
16.554578,18,30667.971818
9.556428,11,30681.803033
3.959047,5,30688.180232
28.396645,30,30725.992903
6.959012,8,30736.126309
13.054113,14,30753.877632
10.756068,12,30768.851254
22.939452,24,30799.164087
7.189725,8,30809.395115
13.761866,16,30829.740564
13.754217,15,30848.729769
8.758302,10,30861.337153
8.556428,10,30873.909512
29.474104,30,30911.728941
17.348818,19,30935.761325
17.197649,18,30958.645447
10.985475,12,30973.788576
4.957177,6,30981.461853
11.959012,13,30997.94084
13.899145,19,31021.854925
11.957162,13,31038.372979
22.346639,24,31068.61779
24.549024,26,31101.530327
24.193136,25,31132.946838
6.557214,8,31143.101693
6.959012,8,31153.198111
